Date;Outlet
2003-07-07;0
2003-07-08;0
2003-07-09;0
2003-07-10;0
2003-07-11;0
2003-07-12;0
2003-07-13;0
2003-07-14;0
2003-07-15;0
2003-07-16;0
2003-07-17;0
2003-07-18;0
2003-07-19;0
2003-07-20;0
2003-07-21;0
2003-07-22;0
2003-07-23;0
2003-07-24;0
2003-07-25;0
2003-07-26;0
2003-07-27;0
2003-07-28;0
2003-07-29;0
2003-07-30;0
2003-07-31;0
2003-08-01;0
2003-08-02;0
2003-08-03;0
2003-08-04;0
2003-08-05;0
2003-08-06;0
2003-08-07;0
2003-08-08;0
2003-08-09;0
2003-08-10;0
2003-08-11;0
2003-08-12;0
2003-08-13;0
2003-08-14;0
2003-08-15;0
2003-08-16;0
2003-08-17;0
2003-08-18;0
2003-08-19;0
2003-08-20;0
2003-08-21;0
2003-08-22;0
2003-08-23;0
2003-08-24;0
2003-08-25;0
2003-08-26;0
2003-08-27;0
2003-08-28;0
2003-08-29;0
2003-08-30;0
2003-08-31;0
2003-09-01;0
2003-09-02;0
2003-09-03;0
2003-09-04;0
2003-09-05;0
2003-09-06;0
2003-09-07;0
2003-09-08;0
2003-09-09;0
2003-09-10;0
2003-09-11;0
2003-09-12;0
2003-09-13;0
2003-09-14;0
2003-09-15;0
2003-09-16;0
2003-09-17;0
2003-09-18;0
2003-09-19;0
2003-09-20;0
2003-09-21;0
2003-09-22;0
2003-09-23;0
2003-09-24;0
2003-09-25;0
2003-09-26;0
2003-09-27;0
2003-09-28;0
2003-09-29;0
2003-09-30;0
2003-10-01;0
2003-10-02;0.005416666666667
2003-10-03;0
2003-10-04;0
2003-10-05;0
2003-10-06;0
2003-10-07;0
2003-10-08;0
2003-10-09;0
2003-10-10;0
2003-10-11;0
2003-10-12;0
2003-10-13;0
2003-10-14;0
2003-10-15;0
2003-10-16;0
2003-10-17;0
2003-10-18;0
2003-10-19;0.002916666666667
2003-10-20;0.02125
2003-10-21;0.012083333333333
2003-10-22;0
2003-10-23;0
2003-10-24;0
2003-10-25;0
2003-10-26;0
2003-10-27;0
2003-10-28;0
2003-10-29;0
2003-10-30;0
2003-10-31;0
2003-11-01;0
2003-11-02;0
2003-11-03;0
2003-11-04;0
2003-11-05;0
2003-11-06;0
2003-11-07;0
2003-11-08;0
2003-11-09;0
2003-11-10;0
2003-11-11;0
2003-11-12;0
2003-11-13;0
2003-11-14;0
2003-11-15;0
2003-11-16;0
2003-11-17;0
2003-11-18;0
2003-11-19;0
2003-11-20;0
2003-11-21;0
2003-11-22;0
2003-11-23;0
2003-11-24;0
2003-11-25;0
2003-11-26;0
2003-11-27;0
2003-11-28;0
2003-11-29;0
2003-11-30;0
2003-12-01;0
2003-12-02;0
2003-12-03;0
2003-12-04;0
2003-12-05;0
2003-12-06;0
2003-12-07;0
2003-12-08;0
2003-12-09;0
2003-12-10;0
2003-12-11;0
2003-12-12;0
2003-12-13;0
2003-12-14;0
2003-12-15;0
2003-12-16;0
2003-12-17;0
2003-12-18;0
2003-12-19;0
2003-12-20;0
2003-12-21;0
2003-12-22;0
2003-12-23;0
2003-12-24;0
2003-12-25;0
2003-12-26;0
2003-12-27;0
2003-12-28;0
2003-12-29;0
2003-12-30;0
2003-12-31;0
2004-01-01;0
2004-01-02;0
2004-01-03;0
2004-01-04;0
2004-01-05;0
2004-01-06;0
2004-01-07;0
2004-01-08;0
2004-01-09;0
2004-01-10;0
2004-01-11;0
2004-01-12;0
2004-01-13;0
2004-01-14;0
2004-01-15;0
2004-01-16;0
2004-01-17;0
2004-01-18;0
2004-01-19;0
2004-01-20;0
2004-01-21;0
2004-01-22;0
2004-01-23;0
2004-01-24;0
2004-01-25;0
2004-01-26;0
2004-01-27;0
2004-01-28;0
2004-01-29;0
2004-01-30;0
2004-01-31;0
2004-02-01;0
2004-02-02;0
2004-02-03;0
2004-02-04;0
2004-02-05;0
2004-02-06;0
2004-02-07;0
2004-02-08;0
2004-02-09;0
2004-02-10;0
2004-02-11;0
2004-02-12;0
2004-02-13;0
2004-02-14;0
2004-02-15;0
2004-02-16;0
2004-02-17;0
2004-02-18;0
2004-02-19;0
2004-02-20;0
2004-02-21;0
2004-02-22;0
2004-02-23;0
2004-02-24;0
2004-02-25;0
2004-02-26;0
2004-02-27;0
2004-02-28;0
2004-02-29;0
2004-03-01;0
2004-03-02;0
2004-03-03;0
2004-03-04;0
2004-03-05;0
2004-03-06;0
2004-03-07;0
2004-03-08;0
2004-03-09;0
2004-03-10;0
2004-03-11;0
2004-03-12;0
2004-03-13;0
2004-03-14;0
2004-03-15;0
2004-03-16;0
2004-03-17;0
2004-03-18;0
2004-03-19;0
2004-03-20;0
2004-03-21;0
2004-03-22;0
2004-03-23;0
2004-03-24;0
2004-03-25;0
2004-03-26;0
2004-03-27;0
2004-03-28;0
2004-03-29;0
2004-03-30;0
2004-03-31;2.7746195E-05
2004-04-01;6.0009225E-05
2004-04-02;1.29052333333333E-06
2004-04-03;2.58104666666667E-06
2004-04-04;6.84436803571428E-05
2004-04-05;0
2004-04-06;0
2004-04-07;0
2004-04-08;0
2004-04-09;0
2004-04-10;0
2004-04-11;0
2004-04-12;0
2004-04-13;0
2004-04-14;0
2004-04-15;2.61636319444444E-05
2004-04-16;0
2004-04-17;3.26930208333333E-05
2004-04-18;0
2004-04-19;7.99984027777778E-06
2004-04-20;0
2004-04-21;0.003804169145833
2004-04-22;0.064488658381945
2004-04-23;0.003587652847222
2004-04-24;0.158254837798611
2004-04-25;1.28394236111111E-05
2004-04-26;0.029044778736111
2004-04-27;0.007626495120567
2004-04-28;0
2004-04-29;9.6896125E-05
2004-04-30;0
2004-05-01;0
2004-05-02;0.031055563944445
2004-05-03;0.037127837104167
2004-05-04;0.040565524916667
2004-05-05;0.019225142652778
2004-05-06;0.006239796472222
2004-05-07;0.004298038941176
2004-05-08;0.000919677
2004-05-09;0.000919677
2004-05-10;0.000919677
2004-05-11;0.000919677
2004-05-12;0.000919677
2004-05-13;0.000919677
2004-05-14;0.000919677
2004-05-15;0.000919677
2004-05-16;0.000919677
2004-05-17;0.000919677
2004-05-18;0.00048857840625
2004-05-19;0
2004-05-20;0
2004-05-21;0
2004-05-22;0.003363013791667
2004-05-23;9.57996875E-06
2004-05-24;0
2004-05-25;0.574836583214583
2004-05-26;0.016648045070833
2004-05-27;0.003678032652083
2004-05-28;0.003645622927083
2004-05-29;0.000240339395833
2004-05-30;0.000958239833333
2004-05-31;0
2004-06-01;0
2004-06-02;2.41979166666667E-06
2004-06-03;0
2004-06-04;0
2004-06-05;0
2004-06-06;0
2004-06-07;0
2004-06-08;0
2004-06-09;0
2004-06-10;8.87234791666667E-06
2004-06-11;0
2004-06-12;8.71100229166667E-05
2004-06-13;0.000102435008333
2004-06-14;4.75880479166667E-05
2004-06-15;8.88422315789474E-05
2004-06-16;7.74314E-05
2004-06-17;6.12998583333333E-05
2004-06-18;4.35551625E-05
2004-06-19;0
2004-06-20;0
2004-06-21;0
2004-06-22;0
2004-06-23;0
2004-06-24;0
2004-06-25;1.61315416666667E-06
2004-06-26;2.41973125E-06
2004-06-27;1.61315416666667E-06
2004-06-28;2.41973125E-06
2004-06-29;2.15087222222222E-06
2004-06-30;1.61315416666667E-06
2004-07-01;5.37718055555556E-07
2004-07-02;5.37718055555556E-07
2004-07-03;2.68859027777778E-06
2004-07-04;1.61315416666667E-06
2004-07-05;5.91489861111111E-06
2004-07-06;3.22630833333333E-06
2004-07-07;4.30174444444445E-06
2004-07-08;9.678925E-06
2004-07-09;3.22630833333333E-06
2004-07-10;2.68859027777778E-06
2004-07-11;0
2004-07-12;0
2004-07-13;0
2004-07-14;0
2004-07-15;0
2004-07-16;0
2004-07-17;0
2004-07-18;0
2004-07-19;0
2004-07-20;0
2004-07-21;0
2004-07-22;0
2004-07-23;5.37718055555556E-07
2004-07-24;0
2004-07-25;0
2004-07-26;0
2004-07-27;2.15087222222222E-06
2004-07-28;5.37718055555556E-07
2004-07-29;0
2004-07-30;0
2004-07-31;0
2004-08-01;0
2004-08-02;5.37718055555556E-07
2004-08-03;0.000195815543056
2004-08-04;0.000264036627338
2004-08-05;0.000129600279433
2004-08-06;7.74314E-05
2004-08-07;8.49592777777778E-05
2004-08-08;7.74314E-05
2004-08-09;5.59226777777778E-05
2004-08-10;0
2004-08-11;0
2004-08-12;0.003112541503546
2004-08-13;0.004619379583333
2004-08-14;0.003174685298611
2004-08-15;0.003471146409722
2004-08-16;0.003225402798611
2004-08-17;0.003021650777778
2004-08-18;0.003167891506944
2004-08-19;0.007259538173611
2004-08-20;0.002882915847222
2004-08-21;0.002841913736111
2004-08-22;0.002085616375
2004-08-23;0.002580414270833
2004-08-24;0.002054582902778
2004-08-25;0.002449306284722
2004-08-26;0.002717212444444
2004-08-27;0.002625508805556
2004-08-28;0.002432943881944
2004-08-29;0.0025194625625
2004-08-30;0.002513908340278
2004-08-31;0.002639256520833
2004-09-01;0.002506883402778
2004-09-02;0.002565392069444
2004-09-03;0.0032787918125
2004-09-04;0.003207983631944
2004-09-05;0.003178443791667
2004-09-06;0.002859798875
2004-09-07;0.002842250756944
2004-09-08;0.002800904451389
2004-09-09;0.002654448409722
2004-09-10;0.002452223138889
2004-09-11;0.002720684340278
2004-09-12;0.002947702638889
2004-09-13;0.002733510361111
2004-09-14;0.003020252506944
2004-09-15;0.034544837493056
2004-09-16;0.0077430623125
2004-09-17;0.003432126541667
2004-09-18;0.073804395020833
2004-09-19;0.015199619354167
2004-09-20;0.003655775229358
2004-09-21;0
2004-09-22;0
2004-09-23;0.00377360152381
2004-09-24;0.003847967041667
2004-09-25;0.024159336729167
2004-09-26;0.005395897784722
2004-09-27;0.003500053354167
2004-09-28;0.003499099006944
2004-09-29;0.003722991784722
2004-09-30;0.0037915185625
2004-10-01;0.004313266333333
2004-10-02;0.003701140319444
2004-10-03;0.003823246076389
2004-10-04;0.003192996583333
2004-10-05;0.003071436511364
2004-10-06;0
2004-10-07;0
2004-10-08;0
2004-10-09;0
2004-10-10;0
2004-10-11;0
2004-10-12;0.021666666666667
2004-10-13;0.059166666666667
2004-10-14;0.003333333333333
2004-10-15;0.278333333333333
2004-10-16;0
2004-10-17;0
2004-10-18;0
2004-10-19;0
2004-10-20;0
2004-10-21;0
2004-10-22;0
2004-10-23;0
2004-10-24;0
2004-10-25;0
2004-10-26;0
2004-10-27;0
2004-10-28;0
2004-10-29;0
2004-10-30;0
2004-10-31;0
2004-11-01;0
2004-11-02;0
2004-11-03;0.00473382244898
2004-11-04;0.003962691486111
2004-11-05;0.003083913722222
2004-11-06;0.0094753453125
2004-11-07;0.034189295895833
2004-11-08;0.004102692388889
2004-11-09;0.003997088548611
2004-11-10;0.004248956402778
2004-11-11;0.004286309180556
2004-11-12;0.004202260027778
2004-11-13;0.004100753826389
2004-11-14;0.004075284979167
2004-11-15;0.003995077263889
2004-11-16;0.004104626986111
2004-11-17;0.004066887791667
2004-11-18;0.004117635125
2004-11-19;0.0037373566875
2004-11-20;0.003542500097222
2004-11-21;0.0037763543125
2004-11-22;0.003792975409722
2004-11-23;0.003807332645833
2004-11-24;0.003992345625
2004-11-25;0.003716196322222
2004-11-26;0
2004-11-27;0
2004-11-28;0
2004-11-29;0
2004-11-30;0
2004-12-01;0
2004-12-02;0
2004-12-03;0
2004-12-04;0
2004-12-05;0
2004-12-06;0
2004-12-07;0
2004-12-08;0
2004-12-09;0
2004-12-10;0
2004-12-11;0
2004-12-12;0
2004-12-13;0
2004-12-14;0
2004-12-15;0
2004-12-16;0
2004-12-17;0
2004-12-18;0
2004-12-19;0
2004-12-20;0
2004-12-21;0
2004-12-22;0
2004-12-23;0
2004-12-24;0
2004-12-25;0
2004-12-26;0
2004-12-27;0
2004-12-28;0
2004-12-29;0
2004-12-30;0
2004-12-31;0
2005-01-01;0
2005-01-02;0
2005-01-03;0
2005-01-04;0
2005-01-05;0
2005-01-06;0
2005-01-07;0
2005-01-08;0
2005-01-09;0
2005-01-10;0
2005-01-11;0
2005-01-12;0
2005-01-13;0
2005-01-14;0
2005-01-15;0
2005-01-16;0
2005-01-17;0
2005-01-18;0
2005-01-19;0
2005-01-20;0
2005-01-21;0
2005-01-22;0
2005-01-23;0
2005-01-24;0
2005-01-25;0
2005-01-26;0
2005-01-27;0.120416666666667
2005-01-28;0.002083333333333
2005-01-29;0
2005-01-30;0
2005-01-31;0
2005-02-01;0
2005-02-02;0
2005-02-03;0
2005-02-04;0
2005-02-05;0
2005-02-06;0
2005-02-07;0
2005-02-08;0
2005-02-09;0
2005-02-10;0
2005-02-11;0
2005-02-12;0
2005-02-13;0
2005-02-14;0
2005-02-15;0
2005-02-16;0
2005-02-17;0
2005-02-18;0
2005-02-19;0
2005-02-20;0
2005-02-21;0
2005-02-22;0
2005-02-23;0
2005-02-24;0
2005-02-25;0
2005-02-26;0
2005-02-27;0
2005-02-28;0
2005-03-01;0
2005-03-02;0
2005-03-03;0
2005-03-04;0
2005-03-05;0
2005-03-06;0
2005-03-07;0
2005-03-08;0
2005-03-09;0
2005-03-10;0
2005-03-11;0.004485682325301
2005-03-12;0.004292734875
2005-03-13;0.003853632319444
2005-03-14;0.003822491548611
2005-03-15;0.0041190794375
2005-03-16;0.004267059652778
2005-03-17;0.004214019909722
2005-03-18;0.003886444027778
2005-03-19;0.0040223603125
2005-03-20;0.004515548284722
2005-03-21;0.004672159798611
2005-03-22;0.004369318138889
2005-03-23;0.005043714604167
2005-03-24;0.004505489673611
2005-03-25;0.004617181673611
2005-03-26;0.004243682902778
2005-03-27;0.004787995208333
2005-03-28;0.004966651819444
2005-03-29;0.004938392125
2005-03-30;0.005046356354167
2005-03-31;0.005069473159722
2005-04-01;0.005298307694444
2005-04-02;0.004885338375
2005-04-03;0.004595763388889
2005-04-04;0.005659880638889
2005-04-05;0.005633038743056
2005-04-06;0.005352114111111
2005-04-07;0.004816396111111
2005-04-08;0.005339216354167
2005-04-09;0.005164135958333
2005-04-10;0.065408726784722
2005-04-11;0.138307437654676
2005-04-12;0.009122504194444
2005-04-13;0.005320687576389
2005-04-14;0.005560936666667
2005-04-15;0.004959611805556
2005-04-16;0.005760322402778
2005-04-17;0.005469784173611
2005-04-18;0.005798140791667
2005-04-19;0.005962375020833
2005-04-20;0.006182649708333
2005-04-21;0.006115986631944
2005-04-22;0.005790865373239
2005-04-23;0.005262642166667
2005-04-24;0.005832676993056
2005-04-25;0.005625136076389
2005-04-26;0.005502079777778
2005-04-27;0.005389945909722
2005-04-28;0.183940002076389
2005-04-29;0.030610469930556
2005-04-30;0.006574540548611
2005-05-01;0.006613145659722
2005-05-02;0.007151766375
2005-05-03;0.007437992201389
2005-05-04;0.007279913263889
2005-05-05;0.006685348520833
2005-05-06;0.005957643131868
2005-05-07;0
2005-05-08;0
2005-05-09;0
2005-05-10;0
2005-05-11;0
2005-05-12;0
2005-05-13;0
2005-05-14;0
2005-05-15;0
2005-05-16;0
2005-05-17;0
2005-05-18;0
2005-05-19;0
2005-05-20;0
2005-05-21;0
2005-05-22;0
2005-05-23;0
2005-05-24;0
2005-05-25;0
2005-05-26;0
2005-05-27;0
2005-05-28;0
2005-05-29;0
2005-05-30;0
2005-05-31;0
2005-06-01;0
2005-06-02;0
2005-06-03;0
2005-06-04;0
2005-06-05;0
2005-06-06;0
2005-06-07;0.007378155268657
2005-06-08;0.0074656778125
2005-06-09;0.007679713631944
2005-06-10;0.007241951395833
2005-06-11;0.007041316166667
2005-06-12;0.006550698326389
2005-06-13;0.006913076138889
2005-06-14;0.007378367722222
2005-06-15;0.007189398236111
2005-06-16;0.007398148416667
2005-06-17;0.007436028013889
2005-06-18;0.007001595076389
2005-06-19;0.006922383243056
2005-06-20;0.005969144145833
2005-06-21;0.005816831583333
2005-06-22;0.005929691638889
2005-06-23;0.006738101763889
2005-06-24;0.006567468909722
2005-06-25;0.00674098475
2005-06-26;0.0067584348125
2005-06-27;0.006848814361111
2005-06-28;0.006572493909722
2005-06-29;0.006874733652778
2005-06-30;0.006992501229167
2005-07-01;0.032793273027778
2005-07-02;0.006735254215278
2005-07-03;0.006680387326389
2005-07-04;0.007078250423611
2005-07-05;0.048007828069445
2005-07-06;0.007143884382979
2005-07-07;0.024078207305556
2005-07-08;0.0133915746875
2005-07-09;0.0327452826875
2005-07-10;0.007463023145833
2005-07-11;0.007160553034722
2005-07-12;0.006876981673611
2005-07-13;0.007143693534722
2005-07-14;0.007663987284722
2005-07-15;0.007974482819444
2005-07-16;0.015314317680556
2005-07-17;0.009040973048611
2005-07-18;0.007460397319444
2005-07-19;0.007580126076389
2005-07-20;0.007419805715278
2005-07-21;0.007674666513889
2005-07-22;0.007442543222222
2005-07-23;0.011131642013889
2005-07-24;0.102593234055556
2005-07-25;0.180831064
2005-07-26;0.048052990531915
2005-07-27;0.0629795495
2005-07-28;0.038029137286713
2005-07-29;0.031661144513889
2005-07-30;0.017091145541667
2005-07-31;0.113021006694444
2005-08-01;0.049961574902778
2005-08-02;0.042355672895833
2005-08-03;0.039995164586957
2005-08-04;0.021455363104167
2005-08-05;0.018069112881945
2005-08-06;0.006817955048611
2005-08-07;0.0074093475
2005-08-08;0.007439029868056
2005-08-09;0.007668359270833
2005-08-10;0.0080043570625
2005-08-11;0.007896025590278
2005-08-12;0.006306685159722
2005-08-13;0.006166096736111
2005-08-14;0.006077719909722
2005-08-15;0.007347063375
2005-08-16;0.007492273965278
2005-08-17;0.005482097138889
2005-08-18;0.004933448479167
2005-08-19;0.007323990104167
2005-08-20;0.00733536975
2005-08-21;0.006519057604167
2005-08-22;0.007144514152778
2005-08-23;0.007973223576389
2005-08-24;0.007868242201389
2005-08-25;0.007055103972222
2005-08-26;0.007861621895833
2005-08-27;0.008493814680556
2005-08-28;0.007884514986111
2005-08-29;0.04877066975
2005-08-30;0.0070922316875
2005-08-31;0.1212109738125
2005-09-01;0.022883224347222
2005-09-02;0.008792506013889
2005-09-03;0.0858064235625
2005-09-04;0.056949549847222
2005-09-05;0.024062151638889
2005-09-06;0.008005194741007
2005-09-07;0.346541308770833
2005-09-08;0.0547342630625
2005-09-09;0.026123634006945
2005-09-10;0.004932241013889
2005-09-11;0.008264259868056
2005-09-12;0.018664206416667
2005-09-13;0.041466002715278
2005-09-14;0.007209622993056
2005-09-15;0.008657755277778
2005-09-16;0.008265235243056
2005-09-17;0.007937111027778
2005-09-18;0.007971910923611
2005-09-19;0.008439562513889
2005-09-20;0.007953208138889
2005-09-21;0.025021308055556
2005-09-22;0.008462813055556
2005-09-23;0.008072574944444
2005-09-24;0.008153562479167
2005-09-25;0.008439252381944
2005-09-26;0.008762778097222
2005-09-27;0.008877982805556
2005-09-28;0.0090170203125
2005-09-29;0.009157285
2005-09-30;0.0090151376875
2005-10-01;0.008972114868056
2005-10-02;0.009361861708333
2005-10-03;0.0092544567
2005-10-04;0.009142264638889
2005-10-05;0.013225652366667
2005-10-06;0.275532539256944
2005-10-07;0.16477195075
2005-10-08;0.052506934340278
2005-10-09;0.008543371215278
2005-10-10;0.031918304527778
2005-10-11;0.057650000430556
2005-10-12;0.0560757444375
2005-10-13;0.155326892159722
2005-10-14;0.054911644354167
2005-10-15;0.016736279576389
2005-10-16;0.008169665486111
2005-10-17;0.009179426833333
2005-10-18;0.5457329443125
2005-10-19;0.147768880534722
2005-10-20;0.068015171430556
2005-10-21;0.074400041233083
2005-10-22;1.19532717115873
2005-10-23;0.2765113779375
2005-10-24;0.633315311729167
2005-10-25;0.092223343388889
2005-10-26;0.058438087875
2005-10-27;0.0528314876875
2005-10-28;0.042789192923611
2005-10-29;0.008411907
2005-10-30;0.010048990395833
2005-10-31;0.010361073576389
2005-11-01;0.010222437659722
2005-11-02;0.417970743326389
2005-11-03;0.192261171837037
2005-11-04;0.926861051263889
2005-11-05;0.128015699034722
2005-11-06;0.068716059798611
2005-11-07;0.056194253465278
2005-11-08;0.047135397402778
2005-11-09;0.013773745048611
2005-11-10;0.010256219576389
2005-11-11;0.010075858756945
2005-11-12;0.0281702968125
2005-11-13;0.031486364763889
2005-11-14;0.009642729180556
2005-11-15;0.008837433930556
2005-11-16;0.009715193756944
2005-11-17;0.009020820152778
2005-11-18;0.008634691486111
2005-11-19;0.008380881611111
2005-11-20;0.008756125208333
2005-11-21;0.009176561083333
2005-11-22;0.009939704243056
2005-11-23;0.0098757938125
2005-11-24;0.010066842083333
2005-11-25;0.010080583263889
2005-11-26;0.010237989604167
2005-11-27;0.010354398319445
2005-11-28;0.009661639927007
2005-11-29;0.008821738993056
2005-11-30;0.008202579805556
2005-12-01;0.009257947326389
2005-12-02;0.010193785881945
2005-12-03;0.0104818701875
2005-12-04;0.010441260645833
2005-12-05;0.009952037708333
2005-12-06;0.009409274840278
2005-12-07;0.008565257111111
2005-12-08;0.008396608180556
2005-12-09;0.008225447965278
2005-12-10;0.010059537861111
2005-12-11;0.010480211791667
2005-12-12;0.010273124055556
2005-12-13;0.010740425652778
2005-12-14;0.010242074222222
2005-12-15;0.008919202409722
2005-12-16;0.007749071666667
2005-12-17;0.008195553708333
2005-12-18;0.010227735388889
2005-12-19;0.009320260305556
2005-12-20;0.009071911618056
2005-12-21;0.009395606388889
2005-12-22;0.010347807305556
2005-12-23;0.009774299173611
2005-12-24;0.009404317938272
2005-12-25;0
2005-12-26;0
2005-12-27;0
2005-12-28;0
2005-12-29;0
2005-12-30;0
2005-12-31;0
2006-01-01;0
2006-01-02;0
2006-01-03;0
2006-01-04;0
2006-01-05;0
2006-01-06;0
2006-01-07;0
2006-01-08;0
2006-01-09;0
2006-01-10;0
2006-01-11;0
2006-01-12;0
2006-01-13;0
2006-01-14;0
2006-01-15;0
2006-01-16;0
2006-01-17;0
2006-01-18;0
2006-01-19;0
2006-01-20;0
2006-01-21;0
2006-01-22;0
2006-01-23;0
2006-01-24;0
2006-01-25;0
2006-01-26;0
2006-01-27;0
2006-01-28;0
2006-01-29;0
2006-01-30;0
2006-01-31;0
2006-02-01;0
2006-02-02;0
2006-02-03;0
2006-02-04;0
2006-02-05;0
2006-02-06;0
2006-02-07;0
2006-02-08;0
2006-02-09;0
2006-02-10;0
2006-02-11;0
2006-02-12;0
2006-02-13;0
2006-02-14;0
2006-02-15;0
2006-02-16;0
2006-02-17;0
2006-02-18;0
2006-02-19;0
2006-02-20;0
2006-02-21;0
2006-02-22;0
2006-02-23;0
2006-02-24;0
2006-02-25;0
2006-02-26;0
2006-02-27;0
2006-02-28;0
2006-03-01;0
2006-03-02;0
2006-03-03;0
2006-03-04;0
2006-03-05;0
2006-03-06;0
2006-03-07;0
2006-03-08;0
2006-03-09;0
2006-03-10;0
2006-03-11;0
2006-03-12;0
2006-03-13;0
2006-03-14;0
2006-03-15;0
2006-03-16;0
2006-03-17;0
2006-03-18;0
2006-03-19;0
2006-03-20;0
2006-03-21;0
2006-03-22;0
2006-03-23;0
2006-03-24;0
2006-03-25;0
2006-03-26;0
2006-03-27;0
2006-03-28;0
2006-03-29;0
2006-03-30;0
2006-03-31;0
2006-04-01;0
2006-04-02;0
2006-04-03;0
2006-04-04;0
2006-04-05;0
2006-04-06;0
2006-04-07;0
2006-04-08;0
2006-04-09;0
2006-04-10;0
2006-04-11;0
2006-04-12;0
2006-04-13;0
2006-04-14;0
2006-04-15;0
2006-04-16;0
2006-04-17;0
2006-04-18;0
2006-04-19;0.010718828692308
2006-04-20;0.010168909944445
2006-04-21;0.010015696895833
2006-04-22;0.009824704701389
2006-04-23;0.009856562909722
2006-04-24;0.0096943600625
2006-04-25;0.010240755944445
2006-04-26;0.009992962375
2006-04-27;0.009755538013889
2006-04-28;0.009872080395833
2006-04-29;0.010131243826389
2006-04-30;0.009749060666667
2006-05-01;0.009665274090278
2006-05-02;0.008603069097222
2006-05-03;0.010163404104167
2006-05-04;0.010106323881945
2006-05-05;0.010178275611111
2006-05-06;0.010162527041667
2006-05-07;0.010433317659722
2006-05-08;0.010336361861111
2006-05-09;0.009851516986111
2006-05-10;0.009942338013889
2006-05-11;0.010253096826389
2006-05-12;0.010094422194445
2006-05-13;0.010053424006945
2006-05-14;0.009966852013889
2006-05-15;0.009762452666667
2006-05-16;0.009856307395833
2006-05-17;0.010177415159722
2006-05-18;0.0100536415
2006-05-19;0.010120125847222
2006-05-20;0.009266488361111
2006-05-21;0.009910897513889
2006-05-22;0.010208738152778
2006-05-23;0.0103426495625
2006-05-24;0.010440285270833
2006-05-25;0.010615334291667
2006-05-26;0.010330650125
2006-05-27;0.010568440159722
2006-05-28;0.009603286701389
2006-05-29;0.009278012
2006-05-30;0
2006-05-31;0
2006-06-01;0.010452836222222
2006-06-02;0.01007584525
2006-06-03;0.010353169680556
2006-06-04;0.010330844166667
2006-06-05;0.010153418201389
2006-06-06;0.0104051373125
2006-06-07;0.010253487493056
2006-06-08;0.010373838819445
2006-06-09;0.01026913775
2006-06-10;0.010669350986111
2006-06-11;0.010280331222222
2006-06-12;0.010043099013889
2006-06-13;0.010204357069445
2006-06-14;0.010429731284722
2006-06-15;0.010760797833333
2006-06-16;0.010872327090278
2006-06-17;0.010589691986111
2006-06-18;0.0105265353125
2006-06-19;0.010886446611111
2006-06-20;0.010836692736111
2006-06-21;0.010982254590278
2006-06-22;0.010682367472222
2006-06-23;0.010737887611111
2006-06-24;0.010504723770833
2006-06-25;0.010613442826389
2006-06-26;0.010488348819445
2006-06-27;0.010673097534722
2006-06-28;0.010395729972222
2006-06-29;0.128667550895833
2006-06-30;0.055155133243056
2006-07-01;0.037304472743056
2006-07-02;0.047299213694445
2006-07-03;0.082358730590278
2006-07-04;0.113150090284722
2006-07-05;0.062652794486111
2006-07-06;0.017037019486111
2006-07-07;0.012731695
2006-07-08;0.012731695
2006-07-09;0.012731695
2006-07-10;0.012731695
2006-07-11;0
2006-07-12;0
2006-07-13;0.010558536577778
2006-07-14;0.011011991909722
2006-07-15;0.013893129555556
2006-07-16;0.036388449631945
2006-07-17;0.023373063645833
2006-07-18;0.028500835777778
2006-07-19;0.036844601256945
2006-07-20;0.069897230548611
2006-07-21;0.038269500006945
2006-07-22;0.013566653
2006-07-23;0.010545520888889
2006-07-24;0.009912622548611
2006-07-25;0.010658262
2006-07-26;0.011241355673611
2006-07-27;0.011179688347222
2006-07-28;0.010810755958333
2006-07-29;0.010373881951389
2006-07-30;0.010659987097222
2006-07-31;0.010614168416667
2006-08-01;0.011029738034722
2006-08-02;0.010864557479167
2006-08-03;0.011016582125
2006-08-04;0.010378038370968
2006-08-05;0.01139968075
2006-08-06;0.010648617486111
2006-08-07;0.010370999354167
2006-08-08;0.010358936979167
2006-08-09;0.011009752219858
2006-08-10;0.011126801979167
2006-08-11;0.01146338525
2006-08-12;0.0110528995
2006-08-13;0.031912482659722
2006-08-14;0.045236276277778
2006-08-15;0.029118081375
2006-08-16;0.030690387076389
2006-08-17;0.017022180131945
2006-08-18;0.014882612527778
2006-08-19;0.010577136743056
2006-08-20;0.010825873180556
2006-08-21;0.011189250638889
2006-08-22;0.010770739305556
2006-08-23;0.010788122819445
2006-08-24;0.010780244395833
2006-08-25;0.010622424777778
2006-08-26;0.010599096548611
2006-08-27;0.010532671145833
2006-08-28;0.010311627465278
2006-08-29;0.011045025
2006-08-30;0.010511444180556
2006-08-31;0.010823929513889
2006-09-01;0.010139241840278
2006-09-02;0.010210739611111
2006-09-03;0.011834109840278
2006-09-04;0.013662648048611
2006-09-05;0.010343536222222
2006-09-06;0.009624997690476
2006-09-07;0.02875
2006-09-08;0
2006-09-09;0.04625
2006-09-10;0.021666666666667
2006-09-11;0
2006-09-12;0
2006-09-13;0
2006-09-14;0
2006-09-15;0
2006-09-16;0
2006-09-17;0.003333333333333
2006-09-18;0
2006-09-19;0
2006-09-20;0
2006-09-21;0
2006-09-22;0
2006-09-23;0
2006-09-24;0
2006-09-25;0
2006-09-26;0
2006-09-27;0.004475384428571
2006-09-28;0.003546565194444
2006-09-29;0.005498046090278
2006-09-30;0.004345943888889
2006-10-01;0.002762932055556
2006-10-02;0.003707785027778
2006-10-03;0.003758010972222
2006-10-04;0.001877996
2006-10-05;5.32334305555556E-05
2006-10-06;0
2006-10-07;0
2006-10-08;0
2006-10-09;0.007497049722222
2006-10-10;0.007742539194444
2006-10-11;0.007559385083333
2006-10-12;0.005980201555556
2006-10-13;0.004659341493056
2006-10-14;0.003384008
2006-10-15;0.003252683923611
2006-10-16;0.005523261458333
2006-10-17;0.007450117770833
2006-10-18;0.20465515225
2006-10-19;0.032926761104167
2006-10-20;0.007614667215278
2006-10-21;0.006148907729167
2006-10-22;0.005019668458333
2006-10-23;0.004006947625
2006-10-24;0.00290546775
2006-10-25;0.002041819020833
2006-10-26;0.001073543236111
2006-10-27;0.000945157986111
2006-10-28;0.014733203618056
2006-10-29;0.098796685270833
2006-10-30;0.008284349465278
2006-10-31;0.665992919090278
2006-11-01;0.060407428201923
2006-11-02;0
2006-11-03;0
2006-11-04;0
2006-11-05;0
2006-11-06;0
2006-11-07;0
2006-11-08;0
2006-11-09;0
2006-11-10;0
2006-11-11;0
2006-11-12;0
2006-11-13;0
2006-11-14;0
2006-11-15;0
2006-11-16;0
2006-11-17;0
2006-11-18;0
2006-11-19;0
2006-11-20;0
2006-11-21;0
2006-11-22;0
2006-11-23;0
2006-11-24;0
2006-11-25;0
2006-11-26;0
2006-11-27;0
2006-11-28;0
2006-11-29;0
2006-11-30;0
2006-12-01;0
2006-12-02;0
2006-12-03;0
2006-12-04;0
2006-12-05;0
2006-12-06;0
2006-12-07;0
2006-12-08;0
2006-12-09;0
2006-12-10;0
2006-12-11;0
2006-12-12;0
2006-12-13;0
2006-12-14;0
2006-12-15;0
2006-12-16;0
2006-12-17;0
2006-12-18;0
2006-12-19;0
2006-12-20;0
2006-12-21;0
2006-12-22;0
2006-12-23;0
2006-12-24;0
2006-12-25;0
2006-12-26;0
2006-12-27;0
2006-12-28;0
2006-12-29;0
2006-12-30;0
2006-12-31;0
2007-01-01;0
2007-01-02;0
2007-01-03;0
2007-01-04;0
2007-01-05;0
2007-01-06;0
2007-01-07;0
2007-01-08;0
2007-01-09;0
2007-01-10;0
2007-01-11;0
2007-01-12;0
2007-01-13;0
2007-01-14;0
2007-01-15;0
2007-01-16;0
2007-01-17;0
2007-01-18;0
2007-01-19;0
2007-01-20;0
2007-01-21;0
2007-01-22;0
2007-01-23;0
2007-01-24;0
2007-01-25;0
2007-01-26;0
2007-01-27;0
2007-01-28;0
2007-01-29;0
2007-01-30;0
2007-01-31;0
2007-02-01;0
2007-02-02;0
2007-02-03;0
2007-02-04;0
2007-02-05;0
2007-02-06;0
2007-02-07;0
2007-02-08;0
2007-02-09;0
2007-02-10;0
2007-02-11;0
2007-02-12;0
2007-02-13;0
2007-02-14;0
2007-02-15;0
2007-02-16;0
2007-02-17;0
2007-02-18;0
2007-02-19;0
2007-02-20;0
2007-02-21;0
2007-02-22;0
2007-02-23;0
2007-02-24;0
2007-02-25;0
2007-02-26;0
2007-02-27;0
2007-02-28;0
2007-03-01;0
2007-03-02;0
2007-03-03;0
2007-03-04;0
2007-03-05;0
2007-03-06;0
2007-03-07;0
2007-03-08;0
2007-03-09;0
2007-03-10;0
2007-03-11;0
2007-03-12;0
2007-03-13;0
2007-03-14;0
2007-03-15;0
2007-03-16;0
2007-03-17;0
2007-03-18;0
2007-03-19;0
2007-03-20;0
2007-03-21;0
2007-03-22;0
2007-03-23;0
2007-03-24;0
2007-03-25;0
2007-03-26;0
2007-03-27;0
2007-03-28;0
2007-03-29;0
2007-03-30;0
2007-03-31;0
2007-04-01;0
2007-04-02;0
2007-04-03;0
2007-04-04;0
2007-04-05;0
2007-04-06;0
2007-04-07;0
2007-04-08;0
2007-04-09;0
2007-04-10;0
2007-04-11;0
2007-04-12;0
2007-04-13;0
2007-04-14;0
2007-04-15;0
2007-04-16;0
2007-04-17;0
2007-04-18;0
2007-04-19;0
2007-04-20;0
2007-04-21;0
2007-04-22;0
2007-04-23;0
2007-04-24;0
2007-04-25;0
2007-04-26;0
2007-04-27;0
2007-04-28;0
2007-04-29;0
2007-04-30;0
2007-05-01;0
2007-05-02;0
2007-05-03;0
2007-05-04;0
2007-05-05;0
2007-05-06;0
2007-05-07;0
2007-05-08;0
2007-05-09;0
2007-05-10;0
2007-05-11;0
2007-05-12;0
2007-05-13;0
2007-05-14;0
2007-05-15;0
2007-05-16;0
2007-05-17;0
2007-05-18;0
2007-05-19;0
2007-05-20;0
2007-05-21;0
2007-05-22;0
2007-05-23;0
2007-05-24;0
2007-05-25;0
2007-05-26;0
2007-05-27;0
2007-05-28;0
2007-05-29;0
2007-05-30;0
2007-05-31;0
2007-06-01;0
2007-06-02;0
2007-06-03;0
2007-06-04;0
2007-06-05;0
2007-06-06;0
2007-06-07;0
2007-06-08;0
2007-06-09;0
2007-06-10;0
2007-06-11;0
2007-06-12;0
2007-06-13;0
2007-06-14;0
2007-06-15;0
2007-06-16;0
2007-06-17;0
2007-06-18;0
2007-06-19;0
2007-06-20;0
2007-06-21;0
2007-06-22;0
2007-06-23;0
2007-06-24;0
2007-06-25;0
2007-06-26;0
2007-06-27;0
2007-06-28;0
2007-06-29;0
2007-06-30;0
2007-07-01;0
2007-07-02;0
2007-07-03;0
2007-07-04;0
2007-07-05;0
2007-07-06;0
2007-07-07;0
2007-07-08;0
2007-07-09;0
2007-07-10;0
2007-07-11;0
2007-07-12;0
2007-07-13;0
2007-07-14;0
2007-07-15;0
2007-07-16;0
2007-07-17;0
2007-07-18;0
2007-07-19;0
2007-07-20;0
2007-07-21;0
2007-07-22;0
2007-07-23;0
2007-07-24;0
2007-07-25;0
2007-07-26;0
2007-07-27;0
2007-07-28;0
2007-07-29;0
2007-07-30;0
2007-07-31;0
2007-08-01;0
2007-08-02;0
2007-08-03;0
2007-08-04;0
2007-08-05;0
2007-08-06;0
2007-08-07;0
2007-08-08;0
2007-08-09;0
2007-08-10;0
2007-08-11;0
2007-08-12;0
2007-08-13;0
2007-08-14;0
2007-08-15;0
2007-08-16;0
2007-08-17;0
2007-08-18;0
2007-08-19;0
2007-08-20;0
2007-08-21;0
2007-08-22;0
2007-08-23;0
2007-08-24;0
2007-08-25;0
2007-08-26;0
2007-08-27;0
2007-08-28;0
2007-08-29;0
2007-08-30;0
2007-08-31;0
2007-09-01;0
2007-09-02;0
2007-09-03;0
2007-09-04;0
2007-09-05;0
2007-09-06;0
2007-09-07;0
2007-09-08;0
2007-09-09;0
2007-09-10;0
2007-09-11;0
2007-09-12;0
2007-09-13;0
2007-09-14;0
2007-09-15;0
2007-09-16;0
2007-09-17;0
2007-09-18;0
2007-09-19;0
2007-09-20;0
2007-09-21;0
2007-09-22;0
2007-09-23;0
2007-09-24;0
2007-09-25;0
2007-09-26;0
2007-09-27;0
2007-09-28;0
2007-09-29;0
2007-09-30;0
2007-10-01;0
2007-10-02;0
2007-10-03;0
2007-10-04;0
2007-10-05;0
2007-10-06;0
2007-10-07;0
2007-10-08;0
2007-10-09;0
2007-10-10;0
2007-10-11;0
2007-10-12;0
2007-10-13;0
2007-10-14;0
2007-10-15;0
2007-10-16;0
2007-10-17;0
2007-10-18;0
2007-10-19;0
2007-10-20;0
2007-10-21;0
2007-10-22;0
2007-10-23;0
2007-10-24;0
2007-10-25;0
2007-10-26;0
2007-10-27;0
2007-10-28;0
2007-10-29;0
2007-10-30;0
2007-10-31;0
2007-11-01;0.016919515162791
2007-11-02;0.018198953479167
2007-11-03;0.014707958197917
2007-11-04;0.008677199663194
2007-11-05;0.008954994326389
2007-11-06;0.024799457291667
2007-11-07;0.019845698222222
2007-11-08;0.011395123784722
2007-11-09;0.006738267534722
2007-11-10;0.005925866756944
2007-11-11;0.005057807465278
2007-11-12;0.004345802270833
2007-11-13;0.003633211572917
2007-11-14;0.002624626753472
2007-11-15;0.002496953548611
2007-11-16;0.002539218100694
2007-11-17;0.003183634909722
2007-11-18;0.003973126461806
2007-11-19;0.005354695802083
2007-11-20;0.006238800888889
2007-11-21;0.00565481175
2007-11-22;0.004779998482639
2007-11-23;0.004518781815972
2007-11-24;0.004331352902778
2007-11-25;0.004179718618056
2007-11-26;0.003686671
2007-11-27;0
2007-11-28;0
2007-11-29;0
2007-11-30;0
2007-12-01;0
2007-12-02;0
2007-12-03;0
2007-12-04;0
2007-12-05;0
2007-12-06;0
2007-12-07;0
2007-12-08;0
2007-12-09;0
2007-12-10;0
2007-12-11;0
2007-12-12;0
2007-12-13;0
2007-12-14;0
2007-12-15;0
2007-12-16;0
2007-12-17;0
2007-12-18;0
2007-12-19;0
2007-12-20;0
2007-12-21;0
2007-12-22;0
2007-12-23;0
2007-12-24;0
2007-12-25;0
2007-12-26;0
2007-12-27;0
2007-12-28;0
2007-12-29;0
2007-12-30;0
2007-12-31;0
2008-01-01;0
2008-01-02;0
2008-01-03;0
2008-01-04;0
2008-01-05;0
2008-01-06;0
2008-01-07;0
2008-01-08;0
2008-01-09;0
2008-01-10;0
2008-01-11;0
2008-01-12;0
2008-01-13;0
2008-01-14;0
2008-01-15;0
2008-01-16;0
2008-01-17;0
2008-01-18;0
2008-01-19;0
2008-01-20;0
2008-01-21;0
2008-01-22;0
2008-01-23;0
2008-01-24;0
2008-01-25;0
2008-01-26;0
2008-01-27;0
2008-01-28;0
2008-01-29;0
2008-01-30;0
2008-01-31;0
2008-02-01;0
2008-02-02;0
2008-02-03;0
2008-02-04;0
2008-02-05;0
2008-02-06;0
2008-02-07;0
2008-02-08;0
2008-02-09;0
2008-02-10;0
2008-02-11;0
2008-02-12;0
2008-02-13;0
2008-02-14;0
2008-02-15;0
2008-02-16;0
2008-02-17;0
2008-02-18;0
2008-02-19;0
2008-02-20;0
2008-02-21;0
2008-02-22;0
2008-02-23;0
2008-02-24;0
2008-02-25;0
2008-02-26;0
2008-02-27;0
2008-02-28;0
2008-02-29;0
2008-03-01;0
2008-03-02;0
2008-03-03;0
2008-03-04;0
2008-03-05;0
2008-03-06;0
2008-03-07;0
2008-03-08;0
2008-03-09;0
2008-03-10;0
2008-03-11;0
2008-03-12;0
2008-03-13;0
2008-03-14;0
2008-03-15;0
2008-03-16;0
2008-03-17;0
2008-03-18;0
2008-03-19;0
2008-03-20;0
2008-03-21;0
2008-03-22;0
2008-03-23;0
2008-03-24;0
2008-03-25;0
2008-03-26;0
2008-03-27;0
2008-03-28;0
2008-03-29;0
2008-03-30;0
2008-03-31;0
2008-04-01;0
2008-04-02;0
2008-04-03;0
2008-04-04;0
2008-04-05;0
2008-04-06;0
2008-04-07;0
2008-04-08;0
2008-04-09;0
2008-04-10;0
2008-04-11;0
2008-04-12;0
2008-04-13;0
2008-04-14;0
2008-04-15;0
2008-04-16;0
2008-04-17;0
2008-04-18;0
2008-04-19;0
2008-04-20;0
2008-04-21;0
2008-04-22;0
2008-04-23;0
2008-04-24;0
2008-04-25;0
2008-04-26;0
2008-04-27;0
2008-04-28;0
2008-04-29;0
2008-04-30;0
2008-05-01;0
2008-05-02;0
2008-05-03;0
2008-05-04;0
2008-05-05;0
2008-05-06;0
2008-05-07;0
2008-05-08;0
2008-05-09;0
2008-05-10;0
2008-05-11;0
2008-05-12;0
2008-05-13;0
2008-05-14;0
2008-05-15;0
2008-05-16;0
2008-05-17;0
2008-05-18;0
2008-05-19;0
2008-05-20;0
2008-05-21;0
2008-05-22;0
2008-05-23;0
2008-05-24;0
2008-05-25;0
2008-05-26;0
2008-05-27;0
2008-05-28;0
2008-05-29;0
2008-05-30;0
2008-05-31;0
2008-06-01;0
2008-06-02;0
2008-06-03;0
2008-06-04;0
2008-06-05;0
2008-06-06;0
2008-06-07;0
2008-06-08;0
2008-06-09;0
2008-06-10;0
2008-06-11;0
2008-06-12;0
2008-06-13;0
2008-06-14;0
2008-06-15;0
2008-06-16;0
2008-06-17;0
2008-06-18;0
2008-06-19;0
2008-06-20;0
2008-06-21;0
2008-06-22;0
2008-06-23;0
2008-06-24;0
2008-06-25;0
2008-06-26;0
2008-06-27;0
2008-06-28;0
2008-06-29;0
2008-06-30;0
2008-07-01;0
2008-07-02;0
2008-07-03;0
2008-07-04;0
2008-07-05;0
2008-07-06;0
2008-07-07;0
2008-07-08;0
2008-07-09;0
2008-07-10;0
2008-07-11;0
2008-07-12;0
2008-07-13;0
2008-07-14;0
2008-07-15;0
2008-07-16;0
2008-07-17;0
2008-07-18;0
2008-07-19;0
2008-07-20;0
2008-07-21;0
2008-07-22;0
2008-07-23;0
2008-07-24;0
2008-07-25;0
2008-07-26;0
2008-07-27;0
2008-07-28;0
2008-07-29;0
2008-07-30;0
2008-07-31;0
2008-08-01;0
2008-08-02;0
2008-08-03;0
2008-08-04;0
2008-08-05;0
2008-08-06;0
2008-08-07;0
2008-08-08;0
2008-08-09;0
2008-08-10;0
2008-08-11;0
2008-08-12;0
2008-08-13;0
2008-08-14;0
2008-08-15;0
2008-08-16;0
2008-08-17;0
2008-08-18;0
2008-08-19;0
2008-08-20;0
2008-08-21;0
2008-08-22;0
2008-08-23;0
2008-08-24;0
2008-08-25;0
2008-08-26;0
2008-08-27;0
2008-08-28;0
2008-08-29;0
2008-08-30;0
2008-08-31;0
2008-09-01;0
2008-09-02;0
2008-09-03;0
2008-09-04;0
2008-09-05;0
2008-09-06;0
2008-09-07;0
2008-09-08;0
2008-09-09;0
2008-09-10;0
2008-09-11;0
2008-09-12;0
2008-09-13;0
2008-09-14;0
2008-09-15;0
2008-09-16;0
2008-09-17;0
2008-09-18;0
2008-09-19;0
2008-09-20;0
2008-09-21;0
2008-09-22;0
2008-09-23;0
2008-09-24;0
2008-09-25;0
2008-09-26;0
2008-09-27;0
2008-09-28;0
2008-09-29;0
2008-09-30;1.05590909090909E-05
2008-10-01;0.0184677846875
2008-10-02;0.027816673083333
2008-10-03;0.0416514150625
2008-10-04;0.053364037416667
2008-10-05;0.013506170625
2008-10-06;0.002510687620833
2008-10-07;0.00680956925
2008-10-08;0.111166557791667
2008-10-09;0.060437870604167
2008-10-10;0.004216687125
2008-10-11;0.002154636341667
2008-10-12;0.006411527104167
2008-10-13;0.003295609125
2008-10-14;0.005878021895833
2008-10-15;0.011486138916667
2008-10-16;0.0096281846875
2008-10-17;0.0206143091875
2008-10-18;0.0025619649375
2008-10-19;0.060132879958333
2008-10-20;0.062842973270833
2008-10-21;0.100561878770833
2008-10-22;0.0728906724375
2008-10-23;0.226088215541667
2008-10-24;0.1423201148125
2008-10-25;0.1532644675
2008-10-26;0.175342666916667
2008-10-27;0.018434369333333
2008-10-28;0.0063411399375
2008-10-29;0.000607283833333
2008-10-30;0.001227124416667
2008-10-31;0.001270587175
2008-11-01;0.001468489354167
2008-11-02;0.001796269520833
2008-11-03;0.005069970520833
2008-11-04;0.0120377555625
2008-11-05;0.014227923791667
2008-11-06;0.0248066771875
2008-11-07;0.078994780791667
2008-11-08;0.096095279020833
2008-11-09;0.1077381751875
2008-11-10;0.135070196979167
2008-11-11;0.134871884645833
2008-11-12;0.092578547229167
2008-11-13;0.117222102458333
2008-11-14;0.297795583814815
2008-11-15;0
2008-11-16;0
2008-11-17;0
2008-11-18;0
2008-11-19;0
2008-11-20;0
2008-11-21;0
2008-11-22;0
2008-11-23;0
2008-11-24;0
2008-11-25;0
2008-11-26;0
2008-11-27;0
2008-11-28;0
2008-11-29;0
2008-11-30;0
2008-12-01;0
2008-12-02;0
2008-12-03;0
2008-12-04;0
2008-12-05;0
2008-12-06;0
2008-12-07;0
2008-12-08;0
2008-12-09;0
2008-12-10;0
2008-12-11;0
2008-12-12;0
2008-12-13;0
2008-12-14;0
2008-12-15;0
2008-12-16;0
2008-12-17;0
2008-12-18;0
2008-12-19;0
2008-12-20;0
2008-12-21;0
2008-12-22;0
2008-12-23;0
2008-12-24;0
2008-12-25;0
2008-12-26;0
2008-12-27;0
2008-12-28;0
2008-12-29;0
2008-12-30;0
2008-12-31;0
2009-01-01;0
2009-01-02;0
2009-01-03;0
2009-01-04;0
2009-01-05;0
2009-01-06;0
2009-01-07;0
2009-01-08;0
2009-01-09;0
2009-01-10;0
2009-01-11;0
2009-01-12;0
2009-01-13;0
2009-01-14;0
2009-01-15;0
2009-01-16;0
2009-01-17;0
2009-01-18;0
2009-01-19;0
2009-01-20;0
2009-01-21;0
2009-01-22;0
2009-01-23;0
2009-01-24;0
2009-01-25;0
2009-01-26;0
2009-01-27;0
2009-01-28;0
2009-01-29;0
2009-01-30;0
2009-01-31;0
2009-02-01;0
2009-02-02;0
2009-02-03;0
2009-02-04;0
2009-02-05;0
2009-02-06;0
2009-02-07;0
2009-02-08;0
2009-02-09;0
2009-02-10;0
2009-02-11;0
2009-02-12;0
2009-02-13;0
2009-02-14;0
2009-02-15;0
2009-02-16;0
2009-02-17;0
2009-02-18;0
2009-02-19;0
2009-02-20;0
2009-02-21;0
2009-02-22;0
2009-02-23;0
2009-02-24;0
2009-02-25;0
2009-02-26;0
2009-02-27;0
2009-02-28;0
2009-03-01;0
2009-03-02;0
2009-03-03;0
2009-03-04;0
2009-03-05;0
2009-03-06;0
2009-03-07;0
2009-03-08;0
2009-03-09;0
2009-03-10;0
2009-03-11;0
2009-03-12;0
2009-03-13;0
2009-03-14;0
2009-03-15;0
2009-03-16;0
2009-03-17;0
2009-03-18;0
2009-03-19;0
2009-03-20;0
2009-03-21;0
2009-03-22;0
2009-03-23;0
2009-03-24;0
2009-03-25;0
2009-03-26;0.005696647133333
2009-03-27;0.003939466
2009-03-28;0
2009-03-29;0
2009-03-30;0
2009-03-31;0
2009-04-01;0
2009-04-02;0
2009-04-03;0
2009-04-04;0
2009-04-05;0
2009-04-06;0
2009-04-07;0
2009-04-08;0
2009-04-09;0
2009-04-10;0
2009-04-11;0
2009-04-12;0
2009-04-13;0
2009-04-14;0
2009-04-15;0
2009-04-16;0
2009-04-17;0
2009-04-18;0
2009-04-19;0
2009-04-20;0
2009-04-21;0
2009-04-22;0
2009-04-23;0
2009-04-24;0
2009-04-25;0
2009-04-26;0
2009-04-27;0
2009-04-28;0
2009-04-29;0
2009-04-30;0
2009-05-01;0
2009-05-02;0
2009-05-03;0
2009-05-04;0
2009-05-05;0
2009-05-06;0
2009-05-07;0
2009-05-08;0
2009-05-09;0
2009-05-10;0
2009-05-11;0
2009-05-12;0
2009-05-13;0
2009-05-14;7.37420634920635E-06
2009-05-15;0
2009-05-16;0
2009-05-17;0
2009-05-18;0
2009-05-19;0
2009-05-20;0
2009-05-21;0
2009-05-22;0
2009-05-23;0
2009-05-24;0
2009-05-25;0
2009-05-26;0
2009-05-27;0
2009-05-28;0
2009-05-29;0
2009-05-30;0.025690755333333
2009-05-31;0.006707240359722
2009-06-01;0
2009-06-02;0
2009-06-03;0
2009-06-04;7.74314E-05
2009-06-05;0
2009-06-06;0.122928849255319
2009-06-07;0.057507399152778
2009-06-08;0.019427082099281
2009-06-09;7.74314E-05
2009-06-10;7.74314E-05
2009-06-11;9.30248611111111E-05
2009-06-12;0.000117759316667
2009-06-13;0.000154861
2009-06-14;0.000169918583333
2009-06-15;0.000189816104167
2009-06-16;0.000234444833333
2009-06-17;0.000270472854167
2009-06-18;0.000321555333333
2009-06-19;0.000347364958333
2009-06-20;0.000361347
2009-06-21;0.000348978270833
2009-06-22;0.000358120375
2009-06-23;0.000369946833333
2009-06-24;0.000367247114286
2009-06-25;0.000444668285714
2009-06-26;0.000417265833333
2009-06-27;0.0004242546875
2009-06-28;0.0004339315625
2009-06-29;0.000419953854167
2009-06-30;0.0004178034375
2009-07-01;0.000389310416667
2009-07-02;0.00038716
2009-07-03;0.00038716
2009-07-04;0.00038716
2009-07-05;0.00038716
2009-07-06;0.0003984496875
2009-07-07;0.000412427395833
2009-07-08;0.014000906333333
2009-07-09;0.109240418548611
2009-07-10;0.041115330513889
2009-07-11;0.000944521877778
2009-07-12;0.0005032945
2009-07-13;0.000542014
2009-07-14;0.036607872909722
2009-07-15;0.200639057041667
2009-07-16;0.150842622833333
2009-07-17;0.124540195541667
2009-07-18;0.396378540833333
2009-07-19;0.060585467868056
2009-07-20;0.062541316319445
2009-07-21;0.049708149361111
2009-07-22;0.012403190239161
2009-07-23;0
2009-07-24;0
2009-07-25;0
2009-07-26;0
2009-07-27;0
2009-07-28;0
2009-07-29;0
2009-07-30;0
2009-07-31;0.006542678041667
2009-08-01;0.014503774401389
2009-08-02;0.005076388577778
2009-08-03;0
2009-08-04;0
2009-08-05;0
2009-08-06;0
2009-08-07;0
2009-08-08;0
2009-08-09;0
2009-08-10;0
2009-08-11;0
2009-08-12;0
2009-08-13;0
2009-08-14;0
2009-08-15;0
2009-08-16;0
2009-08-17;0
2009-08-18;0
2009-08-19;0
2009-08-20;0
2009-08-21;0
2009-08-22;0.0286388855625
2009-08-23;0.028331559145833
2009-08-24;0.005287579533333
2009-08-25;0
2009-08-26;0
2009-08-27;0
2009-08-28;0
2009-08-29;0
2009-08-30;0
2009-08-31;0
2009-09-01;0
2009-09-02;0
2009-09-03;0
2009-09-04;0
2009-09-05;0
2009-09-06;0
2009-09-07;0
2009-09-08;0
2009-09-09;0
2009-09-10;0
2009-09-11;0
2009-09-12;0
2009-09-13;0
2009-09-14;0
2009-09-15;0
2009-09-16;0
2009-09-17;0
2009-09-18;0
2009-09-19;0
2009-09-20;0
2009-09-21;0
2009-09-22;0
2009-09-23;0
2009-09-24;0
2009-09-25;0
2009-09-26;0
2009-09-27;0
2009-09-28;0
2009-09-29;0
2009-09-30;0
2009-10-01;0
2009-10-02;0
2009-10-03;0
2009-10-04;0
2009-10-05;0
2009-10-06;0
2009-10-07;0
2009-10-08;0
2009-10-09;0
2009-10-10;0
2009-10-11;0
2009-10-12;0
2009-10-13;0
2009-10-14;0
2009-10-15;0
2009-10-16;0
2009-10-17;0
2009-10-18;0
2009-10-19;0
2009-10-20;0
2009-10-21;0
2009-10-22;0
2009-10-23;0
2009-10-24;0
2009-10-25;0
2009-10-26;0
2009-10-27;0
2009-10-28;0
2009-10-29;0
2009-10-30;0
2009-10-31;0
2009-11-01;0
2009-11-02;0
2009-11-03;0
2009-11-04;0
2009-11-05;0
2009-11-06;0
2009-11-07;0
2009-11-08;0
2009-11-09;0
2009-11-10;0
2009-11-11;0
2009-11-12;0
2009-11-13;0
2009-11-14;0
2009-11-15;0
2009-11-16;0
2009-11-17;0
2009-11-18;0
2009-11-19;0
2009-11-20;0
2009-11-21;0
2009-11-22;0
2009-11-23;0
2009-11-24;0
2009-11-25;0
2009-11-26;0
2009-11-27;0
2009-11-28;0
2009-11-29;0
2009-11-30;0
2009-12-01;0
2009-12-02;0
2009-12-03;0
2009-12-04;0
2009-12-05;0
2009-12-06;0
2009-12-07;0
2009-12-08;0
2009-12-09;0
2009-12-10;0
2009-12-11;0
2009-12-12;0
2009-12-13;0
2009-12-14;0
2009-12-15;0
2009-12-16;0
2009-12-17;0
2009-12-18;0
2009-12-19;0
2009-12-20;0
2009-12-21;0
2009-12-22;0
2009-12-23;0
2009-12-24;0
2009-12-25;0
2009-12-26;0
2009-12-27;0
2009-12-28;0
2009-12-29;0
2009-12-30;0
2009-12-31;0
2010-01-01;0
2010-01-02;0
2010-01-03;0
2010-01-04;0
2010-01-05;0
2010-01-06;0
2010-01-07;0
2010-01-08;0
2010-01-09;0
2010-01-10;0
2010-01-11;0
2010-01-12;0
2010-01-13;0
2010-01-14;0
2010-01-15;0
2010-01-16;0
2010-01-17;0
2010-01-18;0
2010-01-19;0
2010-01-20;0
2010-01-21;0
2010-01-22;0
2010-01-23;0
2010-01-24;0
2010-01-25;0
2010-01-26;0
2010-01-27;0
2010-01-28;0
2010-01-29;0
2010-01-30;0
2010-01-31;0
2010-02-01;0
2010-02-02;0
2010-02-03;0
2010-02-04;0
2010-02-05;0
2010-02-06;0
2010-02-07;0
2010-02-08;0
2010-02-09;0
2010-02-10;0
2010-02-11;0
2010-02-12;0
2010-02-13;0
2010-02-14;0
2010-02-15;0
2010-02-16;0
2010-02-17;0
2010-02-18;0
2010-02-19;0
2010-02-20;0
2010-02-21;0
2010-02-22;0
2010-02-23;0
2010-02-24;0
2010-02-25;0
2010-02-26;0
2010-02-27;0
2010-02-28;0
2010-03-01;0
2010-03-02;0
2010-03-03;0
2010-03-04;0
2010-03-05;0
2010-03-06;0
2010-03-07;0
2010-03-08;0
2010-03-09;0
2010-03-10;0
2010-03-11;0
2010-03-12;0
2010-03-13;0
2010-03-14;0
2010-03-15;0
2010-03-16;0
2010-03-17;0
2010-03-18;0
2010-03-19;0
2010-03-20;0
2010-03-21;0
2010-03-22;0
2010-03-23;0
2010-03-24;0
2010-03-25;0
2010-03-26;0
2010-03-27;0
2010-03-28;0
2010-03-29;0
2010-03-30;0
2010-03-31;0
2010-04-01;0
2010-04-02;0
2010-04-03;0
2010-04-04;0
2010-04-05;0.172173395209302
2010-04-06;0
2010-04-07;0
2010-04-08;0
2010-04-09;0
2010-04-10;0
2010-04-11;0
2010-04-12;0
2010-04-13;0
2010-04-14;0
2010-04-15;0
2010-04-16;0
2010-04-17;0
2010-04-18;0
2010-04-19;0
2010-04-20;0
2010-04-21;0
2010-04-22;0.000847737354167
2010-04-23;0.003332497010417
2010-04-24;0.000161459395833
2010-04-25;0
2010-04-26;0
2010-04-27;0.002138982572917
2010-04-28;0
2010-04-29;0
2010-04-30;0.13675144771875
2010-05-01;0.20827907430625
2010-05-02;0.000292731941667
2010-05-03;0
2010-05-04;0
2010-05-05;0
2010-05-06;0
2010-05-07;0
2010-05-08;0
2010-05-09;0
2010-05-10;0.003654061322917
2010-05-11;0.00677027474375
2010-05-12;9.67888958333333E-06
2010-05-13;0
2010-05-14;0
2010-05-15;0
2010-05-16;0
2010-05-17;0.000183585770833
2010-05-18;0.001556881991667
2010-05-19;0
2010-05-20;0
2010-05-21;0
2010-05-22;0
2010-05-23;0
2010-05-24;0
2010-05-25;0
2010-05-26;0
2010-05-27;0
2010-05-28;0
2010-05-29;0
2010-05-30;0
2010-05-31;0
2010-06-01;0
2010-06-02;0
2010-06-03;0
2010-06-04;0
2010-06-05;0
2010-06-06;0
2010-06-07;0
2010-06-08;0
2010-06-09;0
2010-06-10;0
2010-06-11;0
2010-06-12;0
2010-06-13;0
2010-06-14;0
2010-06-15;0
2010-06-16;0
2010-06-17;0
2010-06-18;0
2010-06-19;0
2010-06-20;0
2010-06-21;0
2010-06-22;0
2010-06-23;0
2010-06-24;0
2010-06-25;0
2010-06-26;0
2010-06-27;0
2010-06-28;0
2010-06-29;0
2010-06-30;0
2010-07-01;0
2010-07-02;0
2010-07-03;0
2010-07-04;0
2010-07-05;0
2010-07-06;0
2010-07-07;0
2010-07-08;0.060828095645833
2010-07-09;0.000366756675
2010-07-10;0
2010-07-11;0
2010-07-12;0
2010-07-13;0
2010-07-14;0
2010-07-15;0
2010-07-16;0
2010-07-17;0
2010-07-18;0
2010-07-19;0
2010-07-20;0
2010-07-21;0
2010-07-22;0
2010-07-23;0
2010-07-24;0
2010-07-25;0
2010-07-26;0
2010-07-27;6.12994541666667E-05
2010-07-28;0.088516359045833
2010-07-29;0.077278394375
2010-07-30;0.032734613229167
2010-07-31;0.0051912903125
2010-08-01;0.0058740550625
2010-08-02;0.001535804708333
2010-08-03;0.0007001034375
2010-08-04;0.0889999769375
2010-08-05;0.0171728811875
2010-08-06;0.0026195714875
2010-08-07;0.0006878958125
2010-08-08;0.014173984708333
2010-08-09;0.0034845141875
2010-08-10;0.000591698108333
2010-08-11;0.001554038770833
2010-08-12;0.00190135475
2010-08-13;0.001601763208333
2010-08-14;0.001433326854167
2010-08-15;0.001705908270833
2010-08-16;0.001965578979167
2010-08-17;0.002347959583333
2010-08-18;0.002099436895833
2010-08-19;0.002310366645833
2010-08-20;0.002225684104167
2010-08-21;0.043467443291667
2010-08-22;0.006320577083333
2010-08-23;0.1096915606875
2010-08-24;0.016507966625
2010-08-25;0.005415296895833
2010-08-26;0.003730615625
2010-08-27;0.002100910395833
2010-08-28;0.16317749625
2010-08-29;0.029521034145833
2010-08-30;0.027414233104167
2010-08-31;0.021371176041667
2010-09-01;0.003658531854167
2010-09-02;0.001064838083333
2010-09-03;0.001100058895833
2010-09-04;0.001416186875
2010-09-05;0.001246522541667
2010-09-06;0.001205701041667
2010-09-07;0.001539120666667
2010-09-08;0.0013656155
2010-09-09;0.00130011325
2010-09-10;0.001174996791667
2010-09-11;0.001080238166667
2010-09-12;0.07147784975
2010-09-13;0.0215255144375
2010-09-14;0.008368890791667
2010-09-15;0.006221900770833
2010-09-16;0.005033918708333
2010-09-17;0.001218930291667
2010-09-18;0.001263361083333
2010-09-19;0.001215823375
2010-09-20;0.00136458675
2010-09-21;1.0345688512875
2010-09-22;0.8043147268125
2010-09-23;0.0251339290625
2010-09-24;0.012129646979167
2010-09-25;0.003781957666667
2010-09-26;0.0238182908125
2010-09-27;0.009328387770833
2010-09-28;0.014017427770833
2010-09-29;0.009148456083333
2010-09-30;0.004893730458333
2010-10-01;0.741639549333333
2010-10-02;0.108215461291667
2010-10-03;0.090778708958333
2010-10-04;0.013301088229167
2010-10-05;0.006030065958333
2010-10-06;0.001527941866667
2010-10-07;0.0016557555625
2010-10-08;0.002566748916667
2010-10-09;0.0031636088125
2010-10-10;0.003688772020833
2010-10-11;0.0226298820625
2010-10-12;0.009738767895833
2010-10-13;0.0086119934375
2010-10-14;0.018560083583333
2010-10-15;0.010228229
2010-10-16;0.003867614625
2010-10-17;0.003837643666667
2010-10-18;0.004935923666667
2010-10-19;0.005588233770833
2010-10-20;0.005115582354167
2010-10-21;0.005324456291667
2010-10-22;0.005860905854167
2010-10-23;0.0058271820625
2010-10-24;0.005863651708333
2010-10-25;0.006002416833333
2010-10-26;0.006427756416667
2010-10-27;0.007443558625
2010-10-28;0.00724897475
2010-10-29;0.006712389875
2010-10-30;0.006749418645833
2010-10-31;0.00644106775
2010-11-01;0.007303529770833
2010-11-02;0.007032184791667
2010-11-03;0.008031767104167
2010-11-04;0.034066817020833
2010-11-05;0.22832733125
2010-11-06;0.093850283166667
2010-11-07;0.424342886416667
2010-11-08;0.266966941604167
2010-11-09;1.3434774325625
2010-11-10;0.336797450833333
2010-11-11;0.9148562760625
2010-11-12;0.3069411956875
2010-11-13;0.2617008166875
2010-11-14;0.2631637500625
2010-11-15;0.258019501354167
2010-11-16;0.252513908229167
2010-11-17;0.5880773875
2010-11-18;0.436428479979167
2010-11-19;0.317801307916667
2010-11-20;0.314117973125
2010-11-21;0.317022620104167
2010-11-22;1.4735009963125
2010-11-23;0.6325099363125
2010-11-24;0.322706407125
2010-11-25;0.267059465958333
2010-11-26;0.20928160975
2010-11-27;0.167832145854167
2010-11-28;0.143950043479167
2010-11-29;0.12900139452
2010-11-30;0
2010-12-01;0
2010-12-02;0
2010-12-03;0
2010-12-04;0
2010-12-05;0
2010-12-06;0
2010-12-07;0
2010-12-08;0
2010-12-09;0
2010-12-10;0
2010-12-11;0
2010-12-12;0
2010-12-13;0
2010-12-14;0
2010-12-15;0
2010-12-16;0
2010-12-17;0
2010-12-18;0
2010-12-19;0
2010-12-20;0
2010-12-21;0
2010-12-22;0
2010-12-23;0
2010-12-24;0
2010-12-25;0
2010-12-26;0
2010-12-27;0
2010-12-28;0
2010-12-29;0
2010-12-30;0
2010-12-31;0
2011-01-01;
2011-01-02;
2011-01-03;
2011-01-04;
2011-01-05;
2011-01-06;
2011-01-07;
2011-01-08;
2011-01-09;
2011-01-10;
2011-01-11;
2011-01-12;
2011-01-13;
2011-01-14;
2011-01-15;
2011-01-16;
2011-01-17;
2011-01-18;
2011-01-19;
2011-01-20;
2011-01-21;
2011-01-22;
2011-01-23;
2011-01-24;
2011-01-25;
2011-01-26;
2011-01-27;
2011-01-28;
2011-01-29;
2011-01-30;
2011-01-31;
2011-02-01;
2011-02-02;
2011-02-03;
2011-02-04;
2011-02-05;
2011-02-06;
2011-02-07;
2011-02-08;
2011-02-09;
2011-02-10;
2011-02-11;
2011-02-12;
2011-02-13;
2011-02-14;
2011-02-15;
2011-02-16;
2011-02-17;
2011-02-18;
2011-02-19;
2011-02-20;
2011-02-21;
2011-02-22;
2011-02-23;
2011-02-24;
2011-02-25;
2011-02-26;
2011-02-27;
2011-02-28;
2011-03-01;
2011-03-02;
2011-03-03;
2011-03-04;
2011-03-05;
2011-03-06;
2011-03-07;
2011-03-08;
2011-03-09;
2011-03-10;
2011-03-11;
2011-03-12;
2011-03-13;
2011-03-14;
2011-03-15;
2011-03-16;
2011-03-17;
2011-03-18;
2011-03-19;
2011-03-20;
2011-03-21;
2011-03-22;
2011-03-23;
2011-03-24;
2011-03-25;
2011-03-26;
2011-03-27;
2011-03-28;
2011-03-29;
2011-03-30;
2011-03-31;
2011-04-01;
2011-04-02;
2011-04-03;
2011-04-04;
2011-04-05;
2011-04-06;
2011-04-07;
2011-04-08;
2011-04-09;
2011-04-10;
2011-04-11;
2011-04-12;
2011-04-13;
2011-04-14;
2011-04-15;
2011-04-16;
2011-04-17;
2011-04-18;
2011-04-19;
2011-04-20;
2011-04-21;
2011-04-22;
2011-04-23;
2011-04-24;
2011-04-25;
2011-04-26;
2011-04-27;
2011-04-28;
2011-04-29;
2011-04-30;
2011-05-01;
2011-05-02;
2011-05-03;
2011-05-04;
2011-05-05;
2011-05-06;
2011-05-07;
2011-05-08;
2011-05-09;
2011-05-10;
2011-05-11;
2011-05-12;
2011-05-13;
2011-05-14;
2011-05-15;
2011-05-16;
2011-05-17;
2011-05-18;
2011-05-19;
2011-05-20;
2011-05-21;
2011-05-22;
2011-05-23;
2011-05-24;
2011-05-25;
2011-05-26;
2011-05-27;
2011-05-28;
2011-05-29;
2011-05-30;
2011-05-31;
2011-06-01;
2011-06-02;
2011-06-03;
2011-06-04;
2011-06-05;
2011-06-06;
2011-06-07;
2011-06-08;
2011-06-09;
2011-06-10;
2011-06-11;
2011-06-12;
2011-06-13;
2011-06-14;
2011-06-15;
2011-06-16;
2011-06-17;
2011-06-18;
2011-06-19;
2011-06-20;
2011-06-21;
2011-06-22;
2011-06-23;
2011-06-24;
2011-06-25;
2011-06-26;
2011-06-27;
2011-06-28;
2011-06-29;
2011-06-30;
2011-07-01;
2011-07-02;
2011-07-03;
2011-07-04;
2011-07-05;
2011-07-06;
2011-07-07;
2011-07-08;
2011-07-09;
2011-07-10;
2011-07-11;
2011-07-12;
2011-07-13;
2011-07-14;
2011-07-15;
2011-07-16;
2011-07-17;
2011-07-18;
2011-07-19;
2011-07-20;
2011-07-21;
2011-07-22;
2011-07-23;
2011-07-24;
2011-07-25;
2011-07-26;
2011-07-27;
2011-07-28;
2011-07-29;
2011-07-30;
2011-07-31;
2011-08-01;
2011-08-02;
2011-08-03;
2011-08-04;
2011-08-05;
2011-08-06;
2011-08-07;
2011-08-08;
2011-08-09;
2011-08-10;
2011-08-11;
2011-08-12;
2011-08-13;
2011-08-14;
2011-08-15;
2011-08-16;
2011-08-17;
2011-08-18;
2011-08-19;
2011-08-20;
2011-08-21;
2011-08-22;
2011-08-23;
2011-08-24;
2011-08-25;
2011-08-26;
2011-08-27;
2011-08-28;
2011-08-29;
2011-08-30;
2011-08-31;
2011-09-01;
2011-09-02;
2011-09-03;
2011-09-04;
2011-09-05;
2011-09-06;
2011-09-07;
2011-09-08;
2011-09-09;
2011-09-10;
2011-09-11;
2011-09-12;
2011-09-13;
2011-09-14;
2011-09-15;
2011-09-16;
2011-09-17;
2011-09-18;
2011-09-19;
2011-09-20;
2011-09-21;
2011-09-22;
2011-09-23;
2011-09-24;
2011-09-25;
2011-09-26;
2011-09-27;
2011-09-28;
2011-09-29;
2011-09-30;
2011-10-01;
2011-10-02;
2011-10-03;
2011-10-04;
2011-10-05;
2011-10-06;
2011-10-07;
2011-10-08;
2011-10-09;
2011-10-10;
2011-10-11;
2011-10-12;
2011-10-13;
2011-10-14;
2011-10-15;
2011-10-16;
2011-10-17;
2011-10-18;
2011-10-19;
2011-10-20;
2011-10-21;
2011-10-22;
2011-10-23;
2011-10-24;
2011-10-25;
2011-10-26;
2011-10-27;
2011-10-28;
2011-10-29;
2011-10-30;
2011-10-31;
2011-11-01;
2011-11-02;
2011-11-03;
2011-11-04;
2011-11-05;
2011-11-06;
2011-11-07;
2011-11-08;
2011-11-09;
2011-11-10;
2011-11-11;
2011-11-12;
2011-11-13;
2011-11-14;
2011-11-15;
2011-11-16;
2011-11-17;
2011-11-18;
2011-11-19;
2011-11-20;
2011-11-21;
2011-11-22;
2011-11-23;
2011-11-24;
2011-11-25;
2011-11-26;
2011-11-27;
2011-11-28;
2011-11-29;
2011-11-30;
2011-12-01;
2011-12-02;
2011-12-03;
2011-12-04;
2011-12-05;
2011-12-06;
2011-12-07;
2011-12-08;
2011-12-09;
2011-12-10;
2011-12-11;
2011-12-12;
2011-12-13;
2011-12-14;
2011-12-15;
2011-12-16;
2011-12-17;
2011-12-18;
2011-12-19;
2011-12-20;
2011-12-21;
2011-12-22;
2011-12-23;
2011-12-24;
2011-12-25;
2011-12-26;
2011-12-27;
2011-12-28;
2011-12-29;
2011-12-30;
2011-12-31;
2012-01-01;
2012-01-02;
2012-01-03;
2012-01-04;
2012-01-05;
2012-01-06;
2012-01-07;
2012-01-08;
2012-01-09;
2012-01-10;
2012-01-11;
2012-01-12;
2012-01-13;
2012-01-14;
2012-01-15;
2012-01-16;
2012-01-17;
2012-01-18;
2012-01-19;
2012-01-20;
2012-01-21;
2012-01-22;
2012-01-23;
2012-01-24;
2012-01-25;
2012-01-26;
2012-01-27;
2012-01-28;
2012-01-29;
2012-01-30;
2012-01-31;
2012-02-01;
2012-02-02;
2012-02-03;
2012-02-04;
2012-02-05;
2012-02-06;
2012-02-07;
2012-02-08;
2012-02-09;
2012-02-10;
2012-02-11;
2012-02-12;
2012-02-13;
2012-02-14;
2012-02-15;
2012-02-16;
2012-02-17;
2012-02-18;
2012-02-19;
2012-02-20;
2012-02-21;
2012-02-22;
2012-02-23;
2012-02-24;
2012-02-25;
2012-02-26;
2012-02-27;
2012-02-28;
2012-02-29;
2012-03-01;
2012-03-02;
2012-03-03;
2012-03-04;
2012-03-05;
2012-03-06;
2012-03-07;
2012-03-08;
2012-03-09;
2012-03-10;
2012-03-11;
2012-03-12;
2012-03-13;
2012-03-14;
2012-03-15;
2012-03-16;
2012-03-17;
2012-03-18;
2012-03-19;
2012-03-20;
2012-03-21;
2012-03-22;
2012-03-23;
2012-03-24;
2012-03-25;
2012-03-26;
2012-03-27;
2012-03-28;
2012-03-29;
2012-03-30;
2012-03-31;
2012-04-01;
2012-04-02;
2012-04-03;
2012-04-04;
2012-04-05;
2012-04-06;
2012-04-07;
2012-04-08;
2012-04-09;
2012-04-10;
2012-04-11;
2012-04-12;
2012-04-13;
2012-04-14;
2012-04-15;
2012-04-16;
2012-04-17;
2012-04-18;
2012-04-19;
2012-04-20;
2012-04-21;
2012-04-22;
2012-04-23;
2012-04-24;
2012-04-25;
2012-04-26;
2012-04-27;
2012-04-28;
2012-04-29;
2012-04-30;
2012-05-01;
2012-05-02;
2012-05-03;
2012-05-04;
2012-05-05;
2012-05-06;
2012-05-07;
2012-05-08;
2012-05-09;
2012-05-10;
2012-05-11;
2012-05-12;
2012-05-13;
2012-05-14;
2012-05-15;
2012-05-16;
2012-05-17;
2012-05-18;
2012-05-19;
2012-05-20;
2012-05-21;
2012-05-22;
2012-05-23;
2012-05-24;
2012-05-25;
2012-05-26;
2012-05-27;
2012-05-28;
2012-05-29;
2012-05-30;
2012-05-31;
2012-06-01;
2012-06-02;
2012-06-03;
2012-06-04;
2012-06-05;
2012-06-06;
2012-06-07;
2012-06-08;
2012-06-09;
2012-06-10;
2012-06-11;
2012-06-12;
2012-06-13;
2012-06-14;
2012-06-15;
2012-06-16;
2012-06-17;
2012-06-18;
2012-06-19;
2012-06-20;
2012-06-21;
2012-06-22;
2012-06-23;
2012-06-24;
2012-06-25;
2012-06-26;
2012-06-27;
2012-06-28;
2012-06-29;
2012-06-30;
2012-07-01;
2012-07-02;
2012-07-03;
2012-07-04;
2012-07-05;
2012-07-06;
2012-07-07;
2012-07-08;
2012-07-09;
2012-07-10;
2012-07-11;
2012-07-12;
2012-07-13;
2012-07-14;
2012-07-15;
2012-07-16;
2012-07-17;
2012-07-18;
2012-07-19;
2012-07-20;
2012-07-21;
2012-07-22;
2012-07-23;
2012-07-24;
2012-07-25;
2012-07-26;
2012-07-27;
2012-07-28;
2012-07-29;
2012-07-30;
2012-07-31;
2012-08-01;
2012-08-02;
2012-08-03;
2012-08-04;
2012-08-05;
2012-08-06;
2012-08-07;
2012-08-08;
2012-08-09;
2012-08-10;
2012-08-11;
2012-08-12;
2012-08-13;
2012-08-14;
2012-08-15;
2012-08-16;
2012-08-17;
2012-08-18;
2012-08-19;
2012-08-20;
2012-08-21;
2012-08-22;
2012-08-23;
2012-08-24;
2012-08-25;
2012-08-26;
2012-08-27;
2012-08-28;
2012-08-29;
2012-08-30;
2012-08-31;
2012-09-01;
2012-09-02;
2012-09-03;
2012-09-04;
2012-09-05;
2012-09-06;
2012-09-07;
2012-09-08;
2012-09-09;
2012-09-10;
2012-09-11;
2012-09-12;
2012-09-13;
2012-09-14;
2012-09-15;
2012-09-16;
2012-09-17;
2012-09-18;
2012-09-19;
2012-09-20;
2012-09-21;
2012-09-22;
2012-09-23;
2012-09-24;
2012-09-25;
2012-09-26;
2012-09-27;
2012-09-28;
2012-09-29;
2012-09-30;
2012-10-01;
2012-10-02;
2012-10-03;
2012-10-04;
2012-10-05;
2012-10-06;
2012-10-07;
2012-10-08;
2012-10-09;
2012-10-10;
2012-10-11;
2012-10-12;
2012-10-13;
2012-10-14;
2012-10-15;
2012-10-16;
2012-10-17;
2012-10-18;
2012-10-19;
2012-10-20;
2012-10-21;
2012-10-22;
2012-10-23;
2012-10-24;
2012-10-25;
2012-10-26;
2012-10-27;
2012-10-28;
2012-10-29;
2012-10-30;
2012-10-31;
2012-11-01;
2012-11-02;
2012-11-03;
2012-11-04;
2012-11-05;
2012-11-06;
2012-11-07;
2012-11-08;
2012-11-09;
2012-11-10;
2012-11-11;
2012-11-12;
2012-11-13;
2012-11-14;
2012-11-15;
2012-11-16;
2012-11-17;
2012-11-18;
2012-11-19;
2012-11-20;
2012-11-21;
2012-11-22;
2012-11-23;
2012-11-24;
2012-11-25;
2012-11-26;
2012-11-27;
2012-11-28;
2012-11-29;
2012-11-30;
2012-12-01;
2012-12-02;
2012-12-03;
2012-12-04;
2012-12-05;
2012-12-06;
2012-12-07;
2012-12-08;
2012-12-09;
2012-12-10;
2012-12-11;
2012-12-12;
2012-12-13;
2012-12-14;
2012-12-15;
2012-12-16;
2012-12-17;
2012-12-18;
2012-12-19;
2012-12-20;
2012-12-21;
2012-12-22;
2012-12-23;
2012-12-24;
2012-12-25;
2012-12-26;
2012-12-27;
2012-12-28;
2012-12-29;
2012-12-30;
2012-12-31;
2013-01-01;0.000283104866667
2013-01-02;0.000241709463636
2013-01-03;0.000264681165217
2013-01-04;0.000231448591304
2013-01-05;0.000221646669565
2013-01-06;0.00018516066087
2013-01-07;0.000178427243478
2013-01-08;0.000175061791304
2013-01-09;0.000144302436364
2013-01-10;0.000237697025
2013-01-11;0.00019808133913
2013-01-12;0.000164988527273
2013-01-13;0.000183018881818
2013-01-14;0.000174976518182
2013-01-15;0.000197533652174
2013-01-16;0.000218972783333
2013-01-17;0.000201148017391
2013-01-18;0.0002121428
2013-01-19;0.000207632991304
2013-01-20;0.0001966647
2013-01-21;0.000184334817391
2013-01-22;0.000151495382609
2013-01-23;0.000154448104348
2013-01-24;0.000174649295652
2013-01-25;0.000151341927273
2013-01-26;0.00016159533913
2013-01-27;0.000194848165217
2013-01-28;0.000140112780952
2013-01-29;0.000112627445455
2013-01-30;0.000130224963636
2013-01-31;0.000161901063636
2013-02-01;0.0001481298
2013-02-02;0.00016159406087
2013-02-03;0.000161901718182
2013-02-04;0.000102068672727
2013-02-05;0.000144303590909
2013-02-06;0.00010436373913
2013-02-07;0.000124561652174
2013-02-08;0.00010772946087
2013-02-09;0.000100997278261
2013-02-10;0.00018536018
2013-02-11;0.000144303545455
2013-02-12;9.291707E-05
2013-02-13;0.000112628236364
2013-02-14;0.000131296521739
2013-02-15;9.15087818181818E-05
2013-02-16;0.000124562695652
2013-02-17;0.000131296773913
2013-02-18;0.000103242457143
2013-02-19;0.000131297417391
2013-02-20;0.000175979645455
2013-02-21;0.000131295643478
2013-02-22;0.000190057381818
2013-02-23;0.000169610828571
2013-02-24;0.0001438004
2013-02-25;0.000144303454545
2013-02-26;0.000165421272727
2013-02-27;0.000169610952381
2013-02-28;0.000138561210526
2013-03-01;0.000126335210526
2013-03-02;0.000161594582609
2013-03-03;8.55815263157895E-05
2013-03-04;5.16201904761905E-05
2013-03-05;0.00012905125
2013-03-06;7.42049916666667E-05
2013-03-07;9.42636086956522E-05
2013-03-08;5.53079238095238E-05
2013-03-09;0.00010001545
2013-03-10;7.00565428571429E-05
2013-03-11;3.02988434782609E-05
2013-03-12;8.79892E-05
2013-03-13;0.000130224881818
2013-03-14;0.000103241590476
2013-03-15;0.000100015808333
2013-03-16;5.72323391304348E-05
2013-03-17;6.63689714285714E-05
2013-03-18;5.27945909090909E-05
2013-03-19;9.50289545454545E-05
2013-03-20;0.000102068590909
2013-03-21;0.000112626545455
2013-03-22;0.00010436353913
2013-03-23;7.06980608695652E-05
2013-03-24;0.00011109773913
2013-03-25;8.75308E-05
2013-03-26;4.22352272727273E-05
2013-03-27;0.000329313991304
2013-03-28;0.000107730521739
2013-03-29;0.000111097217391
2013-03-30;0.000121197130435
2013-03-31;0.000112920125
2013-04-01;9.033525E-05
2013-04-02;5.27943181818182E-05
2013-04-03;7.37425238095238E-05
2013-04-04;8.41635826086957E-05
2013-04-05;0.000144922266667
2013-04-06;2.58102416666667E-05
2013-04-07;6.73301304347826E-05
2013-04-08;5.16210476190476E-05
2013-04-09;3.70324608695652E-05
2013-04-10;5.4846875E-05
2013-04-11;6.77520166666667E-05
2013-04-12;6.33522454545455E-05
2013-04-13;5.04981304347826E-05
2013-04-14;7.40641913043478E-05
2013-04-15;4.194155E-05
2013-04-16;5.04984347826087E-05
2013-04-17;5.27935454545455E-05
2013-04-18;4.37658E-05
2013-04-19;5.27939727272727E-05
2013-04-20;3.16765818181818E-05
2013-04-21;7.00557333333333E-05
2013-04-22;3.54889333333333E-05
2013-04-23;3.5489725E-05
2013-04-24;3.16760636363636E-05
2013-04-25;5.16199916666667E-05
2013-04-26;6.33529909090909E-05
2013-04-27;4.71315565217391E-05
2013-04-28;5.70540421052632E-05
2013-04-29;2.58103166666667E-05
2013-04-30;2.94981428571429E-05
2013-05-01;7.40636260869565E-05
2013-05-02;4.19418333333333E-05
2013-05-03;3.51960636363636E-05
2013-05-04;3.54893666666667E-05
2013-05-05;2.90368666666667E-05
2013-05-06;1.61313916666667E-05
2013-05-07;1.9357775E-05
2013-05-08;1.9357625E-05
2013-05-09;3.22631E-05
2013-05-10;2.11178363636364E-05
2013-05-11;6.73312521739131E-05
2013-05-12;9.67885E-06
2013-05-13;1.61313916666667E-05
2013-05-14;2.2584325E-05
2013-05-15;1.68331652173913E-05
2013-05-16;2.01996695652174E-05
2013-05-17;4.19426166666667E-05
2013-05-18;1.22263157894737E-05
2013-05-19;1.9357775E-05
2013-05-20;2.3566252173913E-05
2013-05-21;2.35665826086957E-05
2013-05-22;2.02E-05
2013-05-23;1.61317833333333E-05
2013-05-24;2.01996695652174E-05
2013-05-25;7.03921818181818E-06
2013-05-26;3.36658260869565E-06
2013-05-27;0
2013-05-28;6.45254166666667E-06
2013-05-29;3.36658260869565E-06
2013-05-30;0
2013-05-31;3.36658260869565E-06
2013-06-01;0
2013-06-02;0
2013-06-03;0
2013-06-04;6.45261666666667E-06
2013-06-05;1.61313916666667E-05
2013-06-06;9.67885E-06
2013-06-07;3.22630833333333E-06
2013-06-08;0
2013-06-09;0
2013-06-10;6.45254166666667E-06
2013-06-11;3.22630833333333E-06
2013-06-12;0
2013-06-13;0
2013-06-14;9.67885E-06
2013-06-15;0
2013-06-16;6.45254166666667E-06
2013-06-17;0
2013-06-18;0
2013-06-19;0
2013-06-20;6.194512E-06
2013-06-21;1.61315416666667E-05
2013-06-22;1.61314666666667E-05
2013-06-23;1.613135E-05
2013-06-24;1.29051583333333E-05
2013-06-25;0.022109664208333
2013-06-26;0.003255916916667
2013-06-27;0.003297606916667
2013-06-28;0.00023229245
2013-06-29;0.000232293133333
2013-06-30;0.000212933291667
2013-07-01;0.000200030758333
2013-07-02;0.0002097099
2013-07-03;0.000193577491667
2013-07-04;0.129748440666667
2013-07-05;0.018147863375
2013-07-06;0.001663316858333
2013-07-07;0.000235520108333
2013-07-08;0.000283916708333
2013-07-09;0.000258106641667
2013-07-10;0.012444994625
2013-07-11;0.016824819375
2013-07-12;0.002406703295652
2013-07-13;0.022035352095238
2013-07-14;0.023876092416667
2013-07-15;0.014366255041667
2013-07-16;0.002524113727273
2013-07-17;0.002316911909091
2013-07-18;0
2013-07-19;0.157788051333333
2013-07-20;0.189664406625
2013-07-21;0.108136351958333
2013-07-22;0.052746193708333
2013-07-23;0.029173884541667
2013-07-24;0.023270230125
2013-07-25;0.042449285125
2013-07-26;0.079200258291667
2013-07-27;0.062309218916667
2013-07-28;0.125040918625
2013-07-29;0.065145064083333
2013-07-30;0.03438089525
2013-07-31;0.043179552125
2013-08-01;0.173669563416667
2013-08-02;0.150637047875
2013-08-03;0.087513365875
2013-08-04;0.225577253
2013-08-05;0.065767211625
2013-08-06;0.034696780166667
2013-08-07;0.024937459833333
2013-08-08;0.014121207291667
2013-08-09;0.001434039666667
2013-08-10;0
2013-08-11;0
2013-08-12;0
2013-08-13;3.51960909090909E-06
2013-08-14;0
2013-08-15;0
2013-08-16;0
2013-08-17;8.41647304347826E-05
2013-08-18;1.935785E-05
2013-08-19;3.87157E-06
2013-08-20;0
2013-08-21;0
2013-08-22;7.06987565217391E-05
2013-08-23;1.82190470588235E-05
2013-08-24;0
2013-08-25;0
2013-08-26;0
2013-08-27;6.73308695652174E-06
2013-08-28;8.15067368421053E-06
2013-08-29;3.68720952380952E-06
2013-08-30;0
2013-08-31;4.30175111111111E-05
2013-09-01;6.02243444444445E-05
2013-09-02;1.72073E-05
2013-09-03;8.60348888888889E-06
2013-09-04;0.000154862463636
2013-09-05;0.000110615933333
2013-09-06;7.37439904761905E-05
2013-09-07;5.67831733333333E-05
2013-09-08;6.68720363636364E-05
2013-09-09;4.89040631578947E-05
2013-09-10;4.07530842105263E-05
2013-09-11;6.45261888888889E-05
2013-09-12;8.96571473684211E-05
2013-09-13;6.68729363636364E-05
2013-09-14;6.88283555555556E-05
2013-09-15;8.15075578947369E-05
2013-09-16;7.74315238095238E-05
2013-09-17;7.259185E-05
2013-09-18;8.71099E-05
2013-09-19;0.000126336052632
2013-09-20;0.000140115571429
2013-09-21;0.00012389135
2013-09-22;0.000100206176471
2013-09-23;5.92130588235294E-05
2013-09-24;6.02246666666667E-05
2013-09-25;7.33561052631579E-05
2013-09-26;7.33561052631579E-05
2013-09-27;9.53016923076923E-05
2013-09-28;0
2013-09-29;0
2013-09-30;0
2013-10-01;0
2013-10-02;0
2013-10-03;0
2013-10-04;0
2013-10-05;0
2013-10-06;0
2013-10-07;0
2013-10-08;0
2013-10-09;0
2013-10-10;3.22630833333333E-06
2013-10-11;9.678925E-06
2013-10-12;9.67885E-06
2013-10-13;1.61317833333333E-05
2013-10-14;2.58103166666667E-05
2013-10-15;3.54894833333333E-05
2013-10-16;6.452655E-05
2013-10-17;0.164225696916667
2013-10-18;0.021553074521739
2013-10-19;0.023955334416667
2013-10-20;0.003488951833333
2013-10-21;0.000151636441667
2013-10-22;0.098678847591667
2013-10-23;0.099477104869565
2013-10-24;0.011164494083333
2013-10-25;0.030965937608696
2013-10-26;0.020586548125
2013-10-27;0.004972357
2013-10-28;0.001119882158333
2013-10-29;0
2013-10-30;0
2013-10-31;0
2013-11-01;0
2013-11-02;0
2013-11-03;0
2013-11-04;0
2013-11-05;0
2013-11-06;0
2013-11-07;0
2013-11-08;0
2013-11-09;0
2013-11-10;0
2013-11-11;0
2013-11-12;0
2013-11-13;0
2013-11-14;0
2013-11-15;0
2013-11-16;0
2013-11-17;0
2013-11-18;0
2013-11-19;0
2013-11-20;0
2013-11-21;0
2013-11-22;0
2013-11-23;0
2013-11-24;0
2013-11-25;0
2013-11-26;0
2013-11-27;0
2013-11-28;0
2013-11-29;0
2013-11-30;0
2013-12-01;0
2013-12-02;0
2013-12-03;0
2013-12-04;0
2013-12-05;0
2013-12-06;0
2013-12-07;0
2013-12-08;0
2013-12-09;0
2013-12-10;0
2013-12-11;0
2013-12-12;0
2013-12-13;0
2013-12-14;0
2013-12-15;0
2013-12-16;0
2013-12-17;0
2013-12-18;0
2013-12-19;0
2013-12-20;0
2013-12-21;0
2013-12-22;0
2013-12-23;0
2013-12-24;0
2013-12-25;0.000416189
2013-12-26;0.000300045133333
2013-12-27;0.000283912825
2013-12-28;0.000267782333333
2013-12-29;0.000264555325
2013-12-30;0.000290366641667
2013-12-31;0.00028714145
2014-01-01;0.000271009208333
2014-01-02;0.000277461141667
2014-01-03;0.000274235083333
2014-01-04;0.000303271075
2014-01-05;0.000283912391667
2014-01-06;0.000283913391667
2014-01-07;0.000306496408333
2014-01-08;0.000290366208333
2014-01-09;0.0002935912
2014-01-10;0.000300042741667
2014-01-11;0.000303269658333
2014-01-12;0.000290364641667
2014-01-13;0.0003000432
2014-01-14;0.000306496883333
2014-01-15;0.000290365833333
2014-01-16;0.00027423535
2014-01-17;0.000293594
2014-01-18;0.00031294885
2014-01-19;0.000296818825
2014-01-20;0.000309724866667
2014-01-21;0.000280685158333
2014-01-22;0.000316176891667
2014-01-23;0.000283911325
2014-01-24;0.000296819433333
2014-01-25;0.0002935912
2014-01-26;0.000309724033333
2014-01-27;0.000309722933333
2014-01-28;0.000319402516667
2014-01-29;0.000316175575
2014-01-30;0.0003064967
2014-01-31;0.000287140516667
2014-02-01;0.00029681875
2014-02-02;0.000296817533333
2014-02-03;0.0003226271
2014-02-04;0.000303270325
2014-02-05;0.000322628541667
2014-02-06;0.000335534325
2014-02-07;0.000341983141667
2014-02-08;0.0003032706
2014-02-09;0.000309724183333
2014-02-10;0.000303269725
2014-02-11;0.000309722325
2014-02-12;0.000322628408333
2014-02-13;0.000329079683333
2014-02-14;0.000300045625
2014-02-15;0.000309722433333
2014-02-16;0.0003387611
2014-02-17;0.00031617435
2014-02-18;0.000303270516667
2014-02-19;0.0003064964
2014-02-20;0.000316175158333
2014-02-21;0.0003226288
2014-02-22;0.000322627975
2014-02-23;0.000306495625
2014-02-24;0.000322627575
2014-02-25;0.000332307425
2014-02-26;0.000329080366667
2014-02-27;0.000316174725
2014-02-28;0.00032262845
2014-03-01;0.000338760691667
2014-03-02;0.000309722975
2014-03-03;0.000338760175
2014-03-04;0.0003194021
2014-03-05;0.000332307283333
2014-03-06;0.000329080225
2014-03-07;0.000364047841667
2014-03-08;0.000293593533333
2014-03-09;0.000303270475
2014-03-10;0.00030972395
2014-03-11;0.000335534366667
2014-03-12;0.000329080933333
2014-03-13;0.000335533758333
2014-03-14;0.000335533575
2014-03-15;0.00034843905
2014-03-16;0.000325852975
2014-03-17;0.000332306341667
2014-03-18;0.000325853841667
2014-03-19;0.0003484368
2014-03-20;0.00032907905
2014-03-21;0.000335533225
2014-03-22;0.000338757858333
2014-03-23;0.000345213033333
2014-03-24;0.000345212416667
2014-03-25;0.000361346225
2014-03-26;0.000354889508333
2014-03-27;0.000354892
2014-03-28;0.000351664166667
2014-03-29;0.000351665766667
2014-03-30;0.000338757741667
2014-03-31;0.000338761241667
2014-04-01;0.000354889583333
2014-04-02;0.00034843845
2014-04-03;0.000345211325
2014-04-04;0.00034521135
2014-04-05;0.000361342083333
2014-04-06;0.000335535041667
2014-04-07;0.000377472391667
2014-04-08;0.000393084208333
2014-04-09;0.00035489085
2014-04-10;0.000329081083333
2014-04-11;0.00037467635
2014-04-12;0.000332306708333
2014-04-13;0.000348436908333
2014-04-14;0.000377473975
2014-04-15;0.000354892158333
2014-04-16;0.000338759508333
2014-04-17;0.000348437516667
2014-04-18;0.000360820966667
2014-04-19;0.000309724625
2014-04-20;0.0003516665
2014-04-21;0.000338761575
2014-04-22;0.000345213141667
2014-04-23;0.000329081066667
2014-04-24;0.000351665825
2014-04-25;0.000364571683333
2014-04-26;0.000386629391667
2014-04-27;0.000392796958333
2014-04-28;0.000322628333333
2014-04-29;0.000399558516667
2014-04-30;0.000290366583333
2014-05-01;0.000303272058333
2014-05-02;0.00035812075
2014-05-03;0.000316175658333
2014-05-04;0.00033230775
2014-05-05;0.00036134335
2014-05-06;0.0003448157
2014-05-07;0.000345212016667
2014-05-08;0.00034844025
2014-05-09;0.000338760225
2014-05-10;0.00033553395
2014-05-11;0.000351663116667
2014-05-12;0.000341985666667
2014-05-13;0.000358117933333
2014-05-14;0.000351665075
2014-05-15;0.000364569833333
2014-05-16;0.000354893308333
2014-05-17;0.000354889666667
2014-05-18;0.000348438991667
2014-05-19;0.000413391533333
2014-05-20;0.0003742486
2014-05-21;0.0003406984
2014-05-22;0
2014-05-23;0
2014-05-24;0
2014-05-25;0
2014-05-26;0
2014-05-27;0
2014-05-28;0
2014-05-29;0
2014-05-30;0
2014-05-31;0
2014-06-01;0
2014-06-02;0
2014-06-03;0
2014-06-04;0
2014-06-05;0
2014-06-06;0
2014-06-07;0
2014-06-08;0
2014-06-09;0
2014-06-10;0
2014-06-11;0
2014-06-12;0
2014-06-13;0
2014-06-14;0
2014-06-15;0
2014-06-16;0
2014-06-17;0.000377472625
2014-06-18;0.000345212125
2014-06-19;0.00039360575
2014-06-20;0.00038715175
2014-06-21;0.00036779575
2014-06-22;0.000361343
2014-06-23;0.000341988141667
2014-06-24;0.000316175033333
2014-06-25;0.000345213516667
2014-06-26;0.000325856125
2014-06-27;0.000316177283333
2014-06-28;0.000332310408333
2014-06-29;0.000322628283333
2014-06-30;0.000325853266667
2014-07-01;0.000312950975
2014-07-02;0.000303270891667
2014-07-03;0.000296818666667
2014-07-04;0.000325855333333
2014-07-05;0.000316174741667
2014-07-06;0.00031617725
2014-07-07;0.000306499375
2014-07-08;0.000306497516667
2014-07-09;0.000296820708333
2014-07-10;0.000316177391667
2014-07-11;0.0002968195
2014-07-12;0.000293592658333
2014-07-13;0.000290367141667
2014-07-14;0.000251650783333
2014-07-15;0.000277463141667
2014-07-16;0.000290368
2014-07-17;0.024301879666667
2014-07-18;0.002011418958333
2014-07-19;0.000170993716667
2014-07-20;0.016458596583333
2014-07-21;0.03211771325
2014-07-22;0.003921928416667
2014-07-23;0.102875252
2014-07-24;0.110690795708333
2014-07-25;0.076316473416667
2014-07-26;0.047823550708333
2014-07-27;0.005793774541667
2014-07-28;0.00146044575
2014-07-29;0.000303271266667
2014-07-30;0.000322629283333
2014-07-31;0.034482568958333
2014-08-01;0.312054347291667
2014-08-02;0.054753472833333
2014-08-03;0.028929824041667
2014-08-04;0.016875411375
2014-08-05;0.124780255333333
2014-08-06;0.265224881714286
2014-08-07;0
2014-08-08;0
2014-08-09;0
2014-08-10;0
2014-08-11;0
2014-08-12;0
2014-08-13;0
2014-08-14;0
2014-08-15;0
2014-08-16;0
2014-08-17;0
2014-08-18;0
2014-08-19;0
2014-08-20;0
2014-08-21;0
2014-08-22;0
2014-08-23;0
2014-08-24;0
2014-08-25;0
2014-08-26;0
2014-08-27;0
2014-08-28;0
2014-08-29;0
2014-08-30;0
2014-08-31;0
2014-09-01;0
2014-09-02;0
2014-09-03;0
2014-09-04;0
2014-09-05;0
2014-09-06;0
2014-09-07;0
2014-09-08;0
2014-09-09;0
2014-09-10;0
2014-09-11;0
2014-09-12;0
2014-09-13;0
2014-09-14;0
2014-09-15;0
2014-09-16;0
2014-09-17;0
2014-09-18;0
2014-09-19;0
2014-09-20;0
2014-09-21;0
2014-09-22;0
2014-09-23;0
2014-09-24;0
2014-09-25;0
2014-09-26;0
2014-09-27;0
2014-09-28;0
2014-09-29;0
2014-09-30;0
2014-10-01;0
2014-10-02;0
2014-10-03;0
2014-10-04;0
2014-10-05;0
2014-10-06;0
2014-10-07;0
2014-10-08;0
2014-10-09;0
2014-10-10;0
2014-10-11;0
2014-10-12;0
2014-10-13;0
2014-10-14;0
2014-10-15;0
2014-10-16;0
2014-10-17;0
2014-10-18;0
2014-10-19;0
2014-10-20;0
2014-10-21;0
2014-10-22;0
2014-10-23;0
2014-10-24;0
2014-10-25;0
2014-10-26;0
2014-10-27;0
2014-10-28;0
2014-10-29;0
2014-10-30;0
2014-10-31;0
2014-11-01;0
2014-11-02;0
2014-11-03;0
2014-11-04;0
2014-11-05;0
2014-11-06;0
2014-11-07;0
2014-11-08;0
2014-11-09;0
2014-11-10;0
2014-11-11;0
2014-11-12;0
2014-11-13;0
2014-11-14;0
2014-11-15;0
2014-11-16;0
2014-11-17;0
2014-11-18;0
2014-11-19;0
2014-11-20;0
2014-11-21;0
2014-11-22;0
2014-11-23;0
2014-11-24;0
2014-11-25;0
2014-11-26;0
2014-11-27;0
2014-11-28;0
2014-11-29;0
2014-11-30;0
2014-12-01;0
2014-12-02;0
2014-12-03;0
2014-12-04;0
2014-12-05;0
2014-12-06;0
2014-12-07;0
2014-12-08;0
2014-12-09;0
2014-12-10;0
2014-12-11;0
2014-12-12;0
2014-12-13;0
2014-12-14;0
2014-12-15;0
2014-12-16;0
2014-12-17;0
2014-12-18;0
2014-12-19;0
2014-12-20;0
2014-12-21;0
2014-12-22;0
2014-12-23;0
2014-12-24;0
2014-12-25;0
2014-12-26;0
2014-12-27;0
2014-12-28;0
2014-12-29;0
2014-12-30;0
2014-12-31;0
2015-01-01;0
2015-01-02;0
2015-01-03;0
2015-01-04;0
2015-01-05;0
2015-01-06;0
2015-01-07;0
2015-01-08;0
2015-01-09;0
2015-01-10;0
2015-01-11;0
2015-01-12;0
2015-01-13;0
2015-01-14;0
2015-01-15;0
2015-01-16;0
2015-01-17;0
2015-01-18;0
2015-01-19;0
2015-01-20;0
2015-01-21;0
2015-01-22;0
2015-01-23;0
2015-01-24;0
2015-01-25;0
2015-01-26;0
2015-01-27;0
2015-01-28;0
2015-01-29;0
2015-01-30;0
2015-01-31;0
2015-02-01;0
2015-02-02;0
2015-02-03;0
2015-02-04;0
2015-02-05;0
2015-02-06;0
2015-02-07;0
2015-02-08;0
2015-02-09;0
2015-02-10;0
2015-02-11;0
2015-02-12;0
2015-02-13;0
2015-02-14;0
2015-02-15;0
2015-02-16;0
2015-02-17;0
2015-02-18;0
2015-02-19;0
2015-02-20;0
2015-02-21;0
2015-02-22;0
2015-02-23;0
2015-02-24;0
2015-02-25;0
2015-02-26;0
2015-02-27;0
2015-02-28;0
2015-03-01;0
2015-03-02;0
2015-03-03;0
2015-03-04;0
2015-03-05;0
2015-03-06;0
2015-03-07;0
2015-03-08;0
2015-03-09;0
2015-03-10;0
2015-03-11;0
2015-03-12;0
2015-03-13;0
2015-03-14;0
2015-03-15;0
2015-03-16;0
2015-03-17;0
2015-03-18;0
2015-03-19;0
2015-03-20;0
2015-03-21;0
2015-03-22;0
2015-03-23;0
2015-03-24;0
2015-03-25;0
2015-03-26;0
2015-03-27;0
2015-03-28;0
2015-03-29;0
2015-03-30;0
2015-03-31;0
2015-04-01;0
2015-04-02;0
2015-04-03;0
2015-04-04;0
2015-04-05;0
2015-04-06;0
2015-04-07;0
2015-04-08;0
2015-04-09;0
2015-04-10;0
2015-04-11;0
2015-04-12;0
2015-04-13;0
2015-04-14;0
2015-04-15;0
2015-04-16;0
2015-04-17;0
2015-04-18;0
2015-04-19;0
2015-04-20;0
2015-04-21;0
2015-04-22;0
2015-04-23;0
2015-04-24;0
2015-04-25;0.008874207
2015-04-26;0.008874207
2015-04-27;0.008874207
2015-04-28;0.008874207
2015-04-29;0.008874207
2015-04-30;0
2015-05-01;0
2015-05-02;0
2015-05-03;0
2015-05-04;0
2015-05-05;0
2015-05-06;0
2015-05-07;0
2015-05-08;0
2015-05-09;0
2015-05-10;0
2015-05-11;0
2015-05-12;0
2015-05-13;0
2015-05-14;0
2015-05-15;0
2015-05-16;0
2015-05-17;0
2015-05-18;0
2015-05-19;0
2015-05-20;0
2015-05-21;0
2015-05-22;0
2015-05-23;0
2015-05-24;0
2015-05-25;0
2015-05-26;0
2015-05-27;0
2015-05-28;0
2015-05-29;0
2015-05-30;0
2015-05-31;0
2015-06-01;0
2015-06-02;0
2015-06-03;0
2015-06-04;0
2015-06-05;0
2015-06-06;0
2015-06-07;0
2015-06-08;0
2015-06-09;0
2015-06-10;0
2015-06-11;0
2015-06-12;0
2015-06-13;0
2015-06-14;0
2015-06-15;0
2015-06-16;0
2015-06-17;0
2015-06-18;0
2015-06-19;0
2015-06-20;0
2015-06-21;0
2015-06-22;0
2015-06-23;0
2015-06-24;0
2015-06-25;0
2015-06-26;0.128481414673611
2015-06-27;0.1267612966875
2015-06-28;0.031876935534722
2015-06-29;0.071584420284722
2015-06-30;0.064046345909722
2015-07-01;0.004674938231944
2015-07-02;0
2015-07-03;0
2015-07-04;0
2015-07-05;0
2015-07-06;0
2015-07-07;0
2015-07-08;0
2015-07-09;0
2015-07-10;0
2015-07-11;0
2015-07-12;0
2015-07-13;0
2015-07-14;0
2015-07-15;0
2015-07-16;0
2015-07-17;0
2015-07-18;0
2015-07-19;0
2015-07-20;0
2015-07-21;0
2015-07-22;0.072729909944445
2015-07-23;0.040056470458333
2015-07-24;0.000375202513889
2015-07-25;0
2015-07-26;0
2015-07-27;0
2015-07-28;0
2015-07-29;0
2015-07-30;0
2015-07-31;0
2015-08-01;0
2015-08-02;0
2015-08-03;0
2015-08-04;0
2015-08-05;0
2015-08-06;0
2015-08-07;0
2015-08-08;0
2015-08-09;0
2015-08-10;0
2015-08-11;0
2015-08-12;0
2015-08-13;0
2015-08-14;0
2015-08-15;0
2015-08-16;0
2015-08-17;0
2015-08-18;0
2015-08-19;0
2015-08-20;0
2015-08-21;0
2015-08-22;0
2015-08-23;0
2015-08-24;0
2015-08-25;0
2015-08-26;0
2015-08-27;0
2015-08-28;0
2015-08-29;0
2015-08-30;0
2015-08-31;0
2015-09-01;0
2015-09-02;0
2015-09-03;0
2015-09-04;0
2015-09-05;0
2015-09-06;0
2015-09-07;0
2015-09-08;0
2015-09-09;0
2015-09-10;0
2015-09-11;0
2015-09-12;0
2015-09-13;0
2015-09-14;0
2015-09-15;0
2015-09-16;0
2015-09-17;0
2015-09-18;0
2015-09-19;0
2015-09-20;0
2015-09-21;0
2015-09-22;0
2015-09-23;0
2015-09-24;0
2015-09-25;0
2015-09-26;0
2015-09-27;0.355883229694445
2015-09-28;0.075267370152778
2015-09-29;0.073027929173611
2015-09-30;0.045421382506945
2015-10-01;0.001986655543056
2015-10-02;0
2015-10-03;0
2015-10-04;0
2015-10-05;0.022651853194445
2015-10-06;0.052527951631945
2015-10-07;0.005646981155556
2015-10-08;0
2015-10-09;0
2015-10-10;0
2015-10-11;0
2015-10-12;0
2015-10-13;0
2015-10-14;0
2015-10-15;0
2015-10-16;0
2015-10-17;0
2015-10-18;0
2015-10-19;0
2015-10-20;0
2015-10-21;0
2015-10-22;0
2015-10-23;0
2015-10-24;0
2015-10-25;0
2015-10-26;0
2015-10-27;0
2015-10-28;0
2015-10-29;0
2015-10-30;0
2015-10-31;0
2015-11-01;0
2015-11-02;0
2015-11-03;0
2015-11-04;0
2015-11-05;0
2015-11-06;0
2015-11-07;0
2015-11-08;0
2015-11-09;0
2015-11-10;0
2015-11-11;0
2015-11-12;0
2015-11-13;0
2015-11-14;0
2015-11-15;0
2015-11-16;0
2015-11-17;0
2015-11-18;0
2015-11-19;0
2015-11-20;0
2015-11-21;0
2015-11-22;0
2015-11-23;0
2015-11-24;0
2015-11-25;0
2015-11-26;0
2015-11-27;0
2015-11-28;0.0797462930625
2015-11-29;0.000602841019444
2015-11-30;0
2015-12-01;0
2015-12-02;0
2015-12-03;0
2015-12-04;0
2015-12-05;0
2015-12-06;0
2015-12-07;0
2015-12-08;0
2015-12-09;0
2015-12-10;0
2015-12-11;0
2015-12-12;0
2015-12-13;0
2015-12-14;0
2015-12-15;0.015726816111111
2015-12-16;0.000154861
2015-12-17;0.000154861
2015-12-18;0.000154861
2015-12-19;0.000154861
2015-12-20;0.000154861
2015-12-21;0.000154861
2015-12-22;0.000154861
2015-12-23;0.000154861
2015-12-24;0.000154861
2015-12-25;0.000154861
2015-12-26;0.000154861
2015-12-27;0.000154861
2015-12-28;0.000154861
2015-12-29;0.000154861
2015-12-30;0.000154861
2015-12-31;0.000154861
