Date;Well1
2003-07-01;NaN
2003-07-09;NaN
2003-07-10;-12.39
2003-07-11;-12.3920833333333
2003-07-12;-12.3929166666667
2003-07-13;-12.3966666666667
2003-07-14;-12.3970833333333
2003-07-15;-12.3995833333333
2003-07-16;-11.2158333333333
2003-07-17;-7.24
2003-07-18;-7.81466666666667
2003-07-19;-8.68791666666667
2003-07-20;-9.35958333333333
2003-07-21;-9.97666666666667
2003-07-22;-10.6770833333333
2003-07-23;-10.8916666666667
2003-07-24;-11.0295833333333
2003-07-25;-11.1204166666667
2003-07-26;-11.185
2003-07-27;-11.2916666666667
2003-07-28;-11.3225
2003-07-29;-11.285
2003-07-30;-11.2595833333333
2003-07-31;-11.3416666666667
2003-08-01;-11.45
2003-08-02;-11.5258333333333
2003-08-03;-11.59125
2003-08-04;-11.6358333333333
2003-08-05;-11.6691666666667
2003-08-06;-11.6995833333333
2003-08-07;-11.7241666666667
2003-08-08;-11.7633333333333
2003-08-09;-11.78
2003-08-10;-11.8125
2003-08-11;-11.8275
2003-08-12;-11.8383333333333
2003-08-13;-11.8566666666667
2003-08-14;-11.87
2003-08-15;-11.8770833333333
2003-08-16;-11.91
2003-08-17;-11.975
2003-08-18;-11.9825
2003-08-19;-11.9929166666667
2003-08-20;-12
2003-08-21;-12.0108333333333
2003-08-22;-12.0216666666667
2003-08-23;-12.0325
2003-08-24;-12.0420833333333
2003-08-25;-12.0520833333333
2003-08-26;-12.0595833333333
2003-08-27;-12.0691666666667
2003-08-28;-12.0754166666667
2003-08-29;-12.0845833333333
2003-08-30;-12.0995833333333
2003-08-31;-12.10125
2003-09-01;-12.1091666666667
2003-09-02;-12.1129166666667
2003-09-03;-12.11875
2003-09-04;-12.1316666666667
2003-09-05;-12.1395833333333
2003-09-06;-12.145
2003-09-07;-12.1504166666667
2003-09-08;-12.1558333333333
2003-09-09;-12.1645833333333
2003-09-10;-12.1691666666667
2003-09-11;-12.1770833333333
2003-09-12;-12.18375
2003-09-13;-12.19125
2003-09-14;-12.1995833333333
2003-09-15;-12.205
2003-09-16;-12.2125
2003-09-17;-12.2216666666667
2003-09-18;-12.22875
2003-09-19;-12.2345833333333
2003-09-20;-12.2458333333333
2003-09-21;-12.2529166666667
2003-09-22;-12.2620833333333
2003-09-23;-12.2679166666667
2003-09-24;-12.2758333333333
2003-09-25;-12.2829166666667
2003-09-26;-12.2891666666667
2003-09-27;-12.2966666666667
2003-09-28;-12.30375
2003-09-29;-12.315
2003-09-30;-12.3245833333333
2003-10-01;-12.3420833333333
2003-10-02;-8.64625
2003-10-03;-8.55875
2003-10-04;-9.59708333333333
2003-10-05;-10.7891666666667
2003-10-06;-11.2204166666667
2003-10-07;-11.3758333333333
2003-10-08;-11.4483333333333
2003-10-09;-11.5291666666667
2003-10-10;-11.6291666666667
2003-10-11;-11.735
2003-10-12;-11.8129166666667
2003-10-13;-11.8591666666667
2003-10-14;-11.91125
2003-10-15;-11.9454166666667
2003-10-16;-11.9729166666667
2003-10-17;-11.9941666666667
2003-10-18;-12.0141666666667
2003-10-19;-12.02625
2003-10-20;-8.56208333333333
2003-10-21;-7.04
2003-10-23;-6.064
2003-10-24;-5.99333333333333
2003-10-25;-5.96625
2003-10-26;-6.02695652173913
2003-10-27;-6.17666666666667
2003-10-28;-6.44541666666667
2003-10-29;-6.72208333333333
2003-10-30;-7.01583333333333
2003-10-31;-7.39208333333333
2003-11-01;-7.80958333333333
2003-11-02;-8.19875
2003-11-03;-8.5425
2003-11-04;-8.88958333333333
2003-11-05;-9.20375
2003-11-06;-9.50208333333333
2003-11-07;-9.7975
2003-11-08;-10.2458333333333
2003-11-09;-10.3995833333333
2003-11-10;-10.48125
2003-11-11;-10.54125
2003-11-12;-10.5791666666667
2003-11-13;-10.63375
2003-11-14;-10.71875
2003-11-15;-10.795
2003-11-16;-10.88625
2003-11-17;-10.9658333333333
2003-11-18;-11.0158333333333
2003-11-19;-11.1054166666667
2003-11-20;-11.14125
2003-11-21;-11.1845833333333
2003-11-22;-11.2229166666667
2003-11-23;-11.2545833333333
2003-11-24;-11.28625
2003-11-25;-11.3370833333333
2003-11-26;-11.3675
2003-11-27;-11.39
2003-11-28;-11.4158333333333
2003-11-29;-11.4420833333333
2003-11-30;-11.4679166666667
2003-12-01;-11.4925
2003-12-02;-11.5170833333333
2003-12-03;-11.5325
2003-12-04;-11.55625
2003-12-05;-11.58125
2003-12-06;-11.6025
2003-12-07;-11.6191666666667
2003-12-08;-11.6404166666667
2003-12-09;-11.6629166666667
2003-12-10;-11.6833333333333
2003-12-11;-11.6983333333333
2003-12-12;-11.71375
2003-12-13;-11.7341666666667
2003-12-14;-11.7479166666667
2003-12-15;-11.7625
2003-12-16;-11.7795833333333
2003-12-17;-11.7958333333333
2003-12-18;-11.8133333333333
2003-12-19;-11.82625
2003-12-20;-11.8470833333333
2003-12-21;-11.8616666666667
2003-12-22;-11.8716666666667
2003-12-23;-11.89
2003-12-24;-11.90375
2003-12-25;-11.91625
2003-12-26;-11.9320833333333
2003-12-27;-11.9466666666667
2003-12-28;-11.9645833333333
2003-12-29;-11.985
2003-12-30;-12.0041666666667
2003-12-31;-12.0191666666667
2004-01-01;-12.0358333333333
2004-01-02;-12.0545833333333
2004-01-03;-12.0679166666667
2004-01-04;-12.0779166666667
2004-01-05;-12.0895833333333
2004-01-06;-12.10125
2004-01-07;-12.11125
2004-01-08;-12.1245833333333
2004-01-09;-12.135
2004-01-10;-12.1466666666667
2004-01-11;-12.1558333333333
2004-01-12;-12.16375
2004-01-13;-12.17625
2004-01-14;-12.1879166666667
2004-01-15;-12.2004166666667
2004-01-16;-12.2116666666667
2004-01-17;-12.2208333333333
2004-01-18;-12.23125
2004-01-19;-12.27375
2004-01-20;-12.33
2004-01-21;-12.3375
2004-01-22;-12.34625
2004-01-23;-12.3554166666667
2004-01-24;-12.3641666666667
2004-01-25;-12.3720833333333
2004-01-26;-12.38
2004-01-27;-12.3854166666667
2004-01-28;-12.39375
2004-01-29;-12.4016666666667
2004-01-30;-12.4104166666667
2004-01-31;-12.4220833333333
2004-02-01;-12.4325
2004-02-02;-12.4404166666667
2004-02-03;-12.44625
2004-02-04;-12.4458333333333
2004-02-05;-12.4604166666667
2004-02-06;-12.46625
2004-02-07;-12.4725
2004-02-08;-12.4758333333333
2004-02-09;-12.4804166666667
2004-02-10;-12.49
2004-02-11;-12.4916666666667
2004-02-12;-12.5
2004-02-13;-12.5033333333333
2004-02-14;-12.5104166666667
2004-02-15;-12.5154166666667
2004-02-16;-12.52625
2004-02-17;-12.5320833333333
2004-02-18;-12.5366666666667
2004-02-19;-12.5426086956522
2004-02-20;NaN
2004-03-24;-12.86
2004-03-25;-12.8641666666667
2004-03-26;-12.87
2004-03-27;-12.8758333333333
2004-03-28;-12.8804
2004-03-29;-12.8879166666667
2004-03-30;-12.8925
2004-03-31;-11.9354166666667
2004-04-01;-9.68458333333333
2004-04-02;-9.49208333333333
2004-04-03;-9.39958333333333
2004-04-04;-9.18125
2004-04-05;-8.78583333333333
2004-04-06;-8.56125
2004-04-07;-8.34833333333333
2004-04-08;-8.22541666666667
2004-04-09;-8.15791666666667
2004-04-10;-8.16541666666667
2004-04-11;-8.26375
2004-04-12;-8.35708333333333
2004-04-13;-8.42291666666667
2004-04-14;-8.4475
2004-04-15;-8.47416666666667
2004-04-16;-8.54166666666667
2004-04-17;-8.61708333333333
2004-04-18;-8.72583333333333
2004-04-19;-8.85291666666667
2004-04-20;-9.04833333333333
2004-04-21;-9.27791666666667
2004-04-22;-8.50375
2004-04-23;-7.40708333333333
2004-04-24;-6.59541666666667
2004-04-25;-5.99291666666667
2004-04-26;-5.63291666666667
2004-04-27;-5.23666666666667
2004-04-28;-4.99458333333333
2004-04-29;-4.91047619047619
2004-04-30;-5.11818181818182
2004-05-01;-5.06166666666667
2004-05-02;-5.07
2004-05-03;-4.76083333333333
2004-05-04;-4.4775
2004-05-07;NaN
2004-05-20;NaN
2004-06-03;-2.918
2004-06-04;-2.98
2004-06-05;-3.06
2004-06-06;-3.13875
2004-06-07;-3.20875
2004-06-08;-3.2725
2004-06-09;-3.32416666666667
2004-06-10;-3.32916666666667
2004-06-11;-2.8
2004-06-12;-2.43541666666667
2004-06-13;-2.18458333333333
2004-06-14;-2.0925
2004-06-15;-2.03083333333333
2004-06-16;-2.00708333333333
2004-06-17;-2.00666666666667
2004-06-18;-2.04291666666667
2004-06-19;-2.06333333333333
2004-06-20;-2.10958333333333
2004-06-21;-2.16041666666667
2004-06-22;-2.21
2004-06-23;-2.27833333333333
2004-06-24;-2.36625
2004-06-25;-2.44916666666667
2004-06-26;-2.52916666666667
2004-06-27;-2.5975
2004-06-28;-2.67833333333333
2004-06-29;-2.76434782608696
2004-06-30;-2.7975
2004-07-01;-2.86583333333333
2004-07-02;-2.92791666666667
2004-07-03;-2.98708333333333
2004-07-04;-3.04291666666667
2004-07-05;-3.11125
2004-07-06;-3.18
2004-07-07;-3.24083333333333
2004-07-08;-3.29208333333333
2004-07-09;-3.34416666666667
2004-07-10;-3.39916666666667
2004-07-11;-3.43208333333333
2004-07-12;-3.45625
2004-07-13;-3.48875
2004-07-14;-3.53125
2004-07-15;-3.5825
2004-07-16;-3.66791666666667
2004-07-17;-3.73291666666667
2004-07-18;-3.7925
2004-07-19;-3.855
2004-07-20;-3.91708333333333
2004-07-21;-3.97375
2004-07-22;-4.02541666666667
2004-07-23;-4.07166666666667
2004-07-24;-4.1325
2004-07-25;-4.2025
2004-07-26;-4.27708333333333
2004-07-27;-4.35041666666667
2004-07-28;-4.42666666666667
2004-07-29;-4.50916666666667
2004-07-30;-4.58708333333333
2004-07-31;-4.67541666666667
2004-08-01;-4.76458333333333
2004-08-02;-4.80041666666667
2004-08-03;-4.52
2004-08-04;-3.04125
2004-08-05;-2.52291666666667
2004-08-06;-2.28958333333333
2004-08-07;-2.15833333333333
2004-08-08;-2.11
2004-08-09;-2.11666666666667
2004-08-10;-2.1425
2004-08-11;-2.1725
2004-08-12;-2.20083333333333
2004-08-13;-2.23083333333333
2004-08-14;-2.28541666666667
2004-08-15;-2.33458333333333
2004-08-16;-2.3975
2004-08-17;-2.46833333333333
2004-08-18;-2.53916666666667
2004-08-19;-2.58333333333333
2004-08-20;-2.63208333333333
2004-08-21;-2.70125
2004-08-22;-2.7725
2004-08-23;-2.83833333333333
2004-08-24;-2.90041666666667
2004-08-25;-2.965
2004-08-26;-3.0275
2004-08-27;-3.08291666666667
2004-08-28;-3.14708333333333
2004-08-29;-3.20583333333333
2004-08-30;-3.26541666666667
2004-08-31;-3.32875
2004-09-01;-3.395
2004-09-02;-3.46304347826087
2004-09-03;-3.53083333333333
2004-09-04;-3.58208333333333
2004-09-05;-3.64583333333333
2004-09-06;-3.69208333333333
2004-09-07;-3.74791666666667
2004-09-08;-3.80458333333333
2004-09-09;-3.8475
2004-09-10;-3.89125
2004-09-11;-3.95
2004-09-12;-4.015
2004-09-13;-4.08375
2004-09-14;-4.15041666666667
2004-09-15;-4.14333333333333
2004-09-16;-3.34791666666667
2004-09-17;-3.13791666666667
2004-09-18;-3.01583333333333
2004-09-19;-2.65958333333333
2004-09-20;-2.59541666666667
2004-09-21;-2.64083333333333
2004-09-22;-2.71875
2004-09-23;-2.79458333333333
2004-09-24;-2.85565217391304
2004-09-25;-2.73583333333333
2004-09-26;-2.4604347826087
2004-09-27;-2.4525
2004-09-28;-2.5
2004-09-29;-2.59291666666667
2004-09-30;-2.69416666666667
2004-10-01;-2.78333333333333
2004-10-02;-2.8475
2004-10-03;-2.91166666666667
2004-10-04;-2.96708333333333
2004-10-05;-3.02125
2004-10-06;-3.09625
2004-10-07;-3.16708333333333
2004-10-08;-3.23875
2004-10-09;-3.30791666666667
2004-10-10;-3.38
2004-10-11;-3.4425
2004-10-12;-3.07916666666667
2004-10-13;-2.60791666666667
2004-10-14;-2.37833333333333
2004-10-15;-2.16208333333333
2004-10-16;-2.15291666666667
2004-10-17;-2.14125
2004-10-18;-2.17208333333333
2004-10-19;-2.21833333333333
2004-10-20;-2.25625
2004-10-21;-2.3225
2004-10-22;-2.40583333333333
2004-10-23;-2.49541666666667
2004-10-24;-2.59333333333333
2004-10-25;-2.67666666666667
2004-10-26;-2.75791666666667
2004-10-27;-2.84125
2004-10-28;-2.91416666666667
2004-10-29;-2.97916666666667
2004-10-30;-3.02625
2004-10-31;-3.07260869565217
2004-11-01;-3.11375
2004-11-02;-3.165
2004-11-03;-3.21916666666667
2004-11-04;-3.27083333333333
2004-11-05;-3.30875
2004-11-06;-3.3425
2004-11-07;-2.89708333333333
2004-11-08;-2.60916666666667
2004-11-09;-2.61833333333333
2004-11-10;-2.69125
2004-11-11;-2.78208333333333
2004-11-12;-2.87
2004-11-13;-2.95041666666667
2004-11-14;-3.02916666666667
2004-11-15;-3.10166666666667
2004-11-16;-3.17333333333333
2004-11-17;-3.25125
2004-11-18;-3.31708333333333
2004-11-19;-3.39
2004-11-20;-3.46
2004-11-21;-3.5325
2004-11-22;-3.60333333333333
2004-11-23;-3.65875
2004-11-24;-3.72416666666667
2004-11-25;-3.79208333333333
2004-11-26;-3.86833333333333
2004-11-27;-3.94083333333333
2004-11-28;-4.02416666666667
2004-11-29;-4.105
2004-11-30;-4.20277777777778
2004-12-01;-4.30708333333333
2004-12-02;-4.40541666666667
2004-12-03;-4.50291666666667
2004-12-04;-4.61958333333333
2004-12-05;-4.74666666666667
2004-12-06;-4.89583333333333
2004-12-07;-5.05541666666667
2004-12-08;-5.21458333333333
2004-12-09;-5.37958333333333
2004-12-10;-5.55291666666667
2004-12-11;-5.7375
2004-12-12;-5.925
2004-12-13;-6.08625
2004-12-14;-6.22291666666667
2004-12-15;-6.37166666666667
2004-12-16;-6.52291666666667
2004-12-17;-6.66375
2004-12-18;-6.7875
2004-12-19;-6.90208333333333
2004-12-20;-7.01166666666667
2004-12-21;-7.10958333333333
2004-12-22;-7.20458333333333
2004-12-23;-7.29666666666667
2004-12-24;-7.39166666666667
2004-12-25;-7.48916666666667
2004-12-26;-7.59625
2004-12-27;-7.70666666666667
2004-12-28;-7.79166666666667
2004-12-29;-7.86208333333333
2004-12-30;-7.92791666666667
2004-12-31;-8.00791666666667
2005-01-01;-8.06833333333333
2005-01-02;-8.1275
2005-01-03;-8.17833333333333
2005-01-04;-8.22791666666667
2005-01-05;-8.27208333333333
2005-01-06;-8.32
2005-01-07;-8.3675
2005-01-08;-8.42
2005-01-09;-8.46416666666667
2005-01-11;-8.580625
2005-01-12;-8.55333333333333
2005-01-13;-8.57375
2005-01-14;-8.66541666666667
2005-01-15;-8.72958333333333
2005-01-16;-8.7825
2005-01-17;-8.83083333333333
2005-01-18;-8.87791666666667
2005-01-19;-8.91958333333333
2005-01-20;-8.96333333333333
2005-01-21;-9.00916666666667
2005-01-22;-9.05
2005-01-23;-9.08833333333333
2005-01-24;-9.1275
2005-01-25;-9.16416666666667
2005-01-26;-9.20208333333333
2005-01-27;-9.22458333333333
2005-01-28;-9.03416666666667
2005-01-29;-8.49291666666667
2005-01-30;-8.00916666666667
2005-01-31;-7.79875
2005-02-01;-7.68375
2005-02-02;-7.66666666666667
2005-02-03;-7.68375
2005-02-04;-7.68083333333333
2005-02-05;-7.70083333333333
2005-02-06;-7.73958333333333
2005-02-07;-7.80791666666667
2005-02-08;-7.89041666666667
2005-02-09;-7.98041666666667
2005-02-10;-8.07333333333333
2005-02-11;-8.18375
2005-02-12;-8.27208333333333
2005-02-13;-8.34791666666667
2005-02-14;-8.42125
2005-02-15;-8.50458333333333
2005-02-16;-8.57208333333333
2005-02-17;-8.63833333333333
2005-02-18;-8.70958333333333
2005-02-19;-8.77833333333333
2005-02-20;-8.83875
2005-02-21;-8.89791666666667
2005-02-22;-8.95583333333333
2005-02-23;-9.01041666666667
2005-02-24;-9.05791666666667
2005-02-25;-9.10416666666667
2005-02-26;-9.15
2005-02-27;-9.19375
2005-02-28;-9.23916666666667
2005-03-01;-9.2725
2005-03-02;-9.31208333333333
2005-03-03;-9.35541666666667
2005-03-04;-9.395
2005-03-05;-9.435
2005-03-06;-9.47416666666667
2005-03-07;-9.51208333333333
2005-03-08;-9.55125
2005-03-09;-9.59291666666667
2005-03-10;-9.63791666666667
2005-03-11;-9.68166666666667
2005-03-12;-9.72666666666667
2005-03-13;-9.84416666666667
2005-03-14;-9.96791666666667
2005-03-15;-10.0279166666667
2005-03-16;-10.0829166666667
2005-03-17;-10.1195833333333
2005-03-18;-10.15875
2005-03-19;-10.2004166666667
2005-03-20;-10.2425
2005-03-21;-10.2683333333333
2005-03-22;-10.30125
2005-03-23;-10.3445833333333
2005-03-24;-10.3779166666667
2005-03-25;-10.41375
2005-03-26;-10.44625
2005-03-27;-10.4751851851852
2005-03-28;-10.5070833333333
2005-03-29;-10.5033333333333
2005-03-30;-10.51875
2005-03-31;-10.545
2005-04-01;-10.57125
2005-04-02;-10.5966666666667
2005-04-03;-10.6245833333333
2005-04-04;-10.64875
2005-04-05;-10.6729166666667
2005-04-06;-10.31375
2005-04-07;-9.56083333333333
2005-04-08;-10.1533333333333
2005-04-09;-10.4966666666667
2005-04-10;-10.1583333333333
2005-04-11;-7.80375
2005-04-12;-6.59916666666667
2005-04-13;-6.195
2005-04-14;-6.12083333333333
2005-04-15;-6.18
2005-04-16;-6.3
2005-04-17;-6.4425
2005-04-18;-6.64041666666667
2005-04-19;-6.8125
2005-04-20;-6.9425
2005-04-21;-7.08416666666667
2005-04-22;-7.24041666666667
2005-04-23;-7.38166666666667
2005-04-24;-7.52625
2005-04-25;-7.66666666666667
2005-04-26;-7.79291666666667
2005-04-27;-7.91541666666667
2005-04-28;-7.88583333333333
2005-04-29;-5.74666666666667
2005-04-30;-4.91666666666667
2005-05-01;-4.66958333333333
2005-05-02;-4.58875
2005-05-03;-4.58666666666667
2005-05-04;-4.65166666666667
2005-05-05;-4.77333333333333
2005-05-06;-4.89291666666667
2005-05-07;-5.0175
2005-05-08;-5.16916666666667
2005-05-09;-5.3725
2005-05-10;-5.60875
2005-05-11;-5.86958333333333
2005-05-12;-6.11291666666667
2005-05-13;-6.32166666666667
2005-05-14;-6.52625
2005-05-15;-6.71083333333333
2005-05-16;-6.89125
2005-05-17;-7.04958333333333
2005-05-18;-7.19125
2005-05-19;-7.32
2005-05-20;-7.445
2005-05-21;-7.56833333333333
2005-05-22;-7.68
2005-05-23;-7.77708333333333
2005-05-24;-7.87166666666667
2005-05-25;-7.9625
2005-05-26;-8.04125
2005-05-27;-8.11875
2005-05-28;-8.18041666666667
2005-05-29;-8.23333333333333
2005-05-30;-8.29041666666667
2005-05-31;-8.34208333333333
2005-06-01;-8.39875
2005-06-02;-8.45958333333333
2005-06-03;-8.51916666666667
2005-06-04;-8.57125
2005-06-05;-8.62791666666667
2005-06-06;-8.6875
2005-06-07;-8.74541666666667
2005-06-08;-8.79708333333333
2005-06-09;-8.85208333333333
2005-06-10;-8.9075
2005-06-11;-8.96166666666667
2005-06-12;-9.01208333333333
2005-06-13;-9.05833333333333
2005-06-14;-9.10708333333333
2005-06-15;-9.15666666666667
2005-06-16;-9.20916666666667
2005-06-17;-9.25125
2005-06-18;-9.29666666666667
2005-06-19;-9.34291666666667
2005-06-20;-9.38791666666667
2005-06-21;-9.435
2005-06-22;-9.48333333333333
2005-06-23;-9.52208333333333
2005-06-24;-9.55416666666667
2005-06-25;-9.5825
2005-06-26;-9.61208333333333
2005-06-27;-9.64041666666667
2005-06-28;-9.66791666666667
2005-06-29;-9.69875
2005-06-30;-9.735
2005-07-01;-9.81291666666667
2005-07-02;-9.87875
2005-07-03;-9.87291666666667
2005-07-04;-9.83
2005-07-05;-9.82375
2005-07-06;-9.81708333333333
2005-07-07;-9.77625
2005-07-08;-9.75
2005-07-09;-9.73666666666667
2005-07-10;-9.72416666666667
2005-07-11;-9.70541666666667
2005-07-12;-9.6975
2005-07-13;-9.69166666666667
2005-07-14;-9.69666666666667
2005-07-15;-9.71
2005-07-16;-9.73458333333333
2005-07-17;-9.76041666666667
2005-07-18;-9.8175
2005-07-19;-9.84416666666667
2005-07-20;-9.83625
2005-07-21;-9.83
2005-07-22;-9.82541666666667
2005-07-23;-9.83
2005-07-24;NaN
2005-07-25;NaN
2005-07-26;NaN
2005-07-27;NaN
2005-07-28;NaN
2005-07-29;NaN
2005-07-30;NaN
2005-07-31;NaN
2005-08-01;NaN
2005-08-02;NaN
2005-08-03;-3.035
2005-08-04;-2.96666666666667
2005-08-05;-2.8775
2005-08-06;-2.83875
2005-08-07;-2.815
2005-08-08;-2.81833333333333
2005-08-09;-2.81958333333333
2005-08-10;-2.835
2005-08-11;-2.85916666666667
2005-08-12;-2.8775
2005-08-13;-2.91583333333333
2005-08-14;-2.94538461538462
2005-08-15;NaN
2005-08-16;NaN
2005-08-17;-3.06333333333333
2005-08-18;-3.09
2005-08-19;-3.14583333333333
2005-08-20;-3.20625
2005-08-21;-3.26416666666667
2005-08-22;-3.3225
2005-08-23;-3.36166666666667
2005-08-24;-3.40583333333333
2005-08-25;-3.455
2005-08-26;-3.50291666666667
2005-08-27;-3.53375
2005-08-28;-3.58416666666667
2005-08-29;-3.5075
2005-08-30;-2.92416666666667
2005-08-31;-2.7175
2005-09-01;-2.46416666666667
2005-09-02;-2.38625
2005-09-03;-2.36291666666667
2005-09-04;-2.17458333333333
2005-09-05;-2.12458333333333
2005-09-06;-2.12958333333333
2005-09-07;-2.05791666666667
2005-09-08;-1.93125
2005-09-09;-1.96916666666667
2005-09-10;-1.99458333333333
2005-09-11;-2.02375
2005-09-12;-2.0475
2005-09-13;-2.06833333333333
2005-09-14;-2.08208333333333
2005-09-15;-2.10833333333333
2005-09-16;-2.15375
2005-09-17;-2.20708333333333
2005-09-18;-2.26666666666667
2005-09-19;-2.315
2005-09-20;-2.36208333333333
2005-09-21;-2.395
2005-09-22;-2.43125
2005-09-23;-2.4925
2005-09-24;-2.56125
2005-09-25;-2.62916666666667
2005-09-26;-2.70125
2005-09-27;-2.76708333333333
2005-09-28;-2.83083333333333
2005-09-29;-2.89291666666667
2005-09-30;-2.95791666666667
2005-10-01;-3.01625
2005-10-02;-3.06333333333333
2005-10-03;-3.10041666666667
2005-10-04;-3.13583333333333
2005-10-05;-2.76
2005-10-06;-2.43791666666667
2005-10-07;-2.01791666666667
2005-10-08;-1.89791666666667
2005-10-09;-1.92083333333333
2005-10-10;-1.91
2005-10-11;-1.84166666666667
2005-10-12;-1.79833333333333
2005-10-13;-1.73416666666667
2005-10-14;-1.70333333333333
2005-10-15;-1.78791666666667
2005-10-16;-1.85708333333333
2005-10-17;-1.90416666666667
2005-10-18;-1.87125
2005-10-19;-1.60916666666667
2005-10-20;-1.65833333333333
2005-10-21;-1.6825
2005-10-22;-1.19166666666667
2005-10-23;-1.32416666666667
2005-10-24;-1.4625
2005-10-25;-1.50791666666667
2005-10-26;-1.62583333333333
2005-10-27;-1.68583333333333
2005-10-28;-1.72625
2005-10-29;-1.76583333333333
2005-10-30;-1.79739130434783
2005-10-31;-1.83291666666667
2005-11-01;-1.86833333333333
2005-11-02;-1.75625
2005-11-03;-1.53958333333333
2005-11-04;-1.55625
2005-11-05;-1.42291666666667
2005-11-06;-1.55416666666667
2005-11-07;-1.62458333333333
2005-11-08;-1.68
2005-11-09;-1.72333333333333
2005-11-10;-1.76
2005-11-11;-1.8075
2005-11-12;-1.83291666666667
2005-11-13;-1.79875
2005-11-14;-1.83583333333333
2005-11-15;-1.87416666666667
2005-11-16;-1.91958333333333
2005-11-17;-1.97041666666667
2005-11-18;-2.02458333333333
2005-11-19;-2.07916666666667
2005-11-20;-2.13458333333333
2005-11-21;-2.18291666666667
2005-11-22;-2.21666666666667
2005-11-23;-2.24791666666667
2005-11-24;-2.28166666666667
2005-11-25;-2.33
2005-11-26;-2.38958333333333
2005-11-27;-2.43708333333333
2005-11-28;-2.48708333333333
2005-11-29;-2.52166666666667
2005-11-30;-2.54875
2005-12-01;-2.60041666666667
2005-12-02;-2.65125
2005-12-03;-2.69166666666667
2005-12-04;-2.73
2005-12-05;-2.78541666666667
2005-12-06;-2.84458333333333
2005-12-07;-2.90125
2005-12-08;-2.95541666666667
2005-12-09;-3.00583333333333
2005-12-10;-3.0425
2005-12-11;-3.0725
2005-12-12;-3.11833333333333
2005-12-13;-3.15458333333333
2005-12-14;-3.2025
2005-12-15;-3.25958333333333
2005-12-16;-3.31333333333333
2005-12-17;-3.36208333333333
2005-12-18;-3.40125
2005-12-19;-3.45375
2005-12-20;-3.5125
2005-12-21;-3.56583333333333
2005-12-22;-3.60833333333333
2005-12-23;-3.66375
2005-12-24;-3.71583333333333
2005-12-25;-3.7675
2005-12-26;-3.82625
2005-12-27;-3.88916666666667
2005-12-28;-3.95166666666667
2005-12-29;-4.01833333333333
2005-12-30;-4.0925
2005-12-31;-4.17291666666667
2006-01-01;-4.25916666666667
2006-01-02;-4.33708333333333
2006-01-03;-4.4175
2006-01-04;-4.51166666666667
2006-01-05;-4.61541666666667
2006-01-06;-4.71708333333333
2006-01-07;-4.835
2006-01-08;-4.965
2006-01-09;-5.07166666666667
2006-01-10;-5.19458333333333
2006-01-11;-5.32666666666667
2006-01-12;-5.44833333333333
2006-01-13;-5.56125
2006-01-14;-5.61
2006-01-15;-5.61
2006-01-16;-5.61
2006-01-17;-5.61
2006-01-18;-5.61
2006-01-19;-5.61
2006-01-20;-5.61
2006-01-21;-5.97166666666667
2006-01-22;-6.45291666666667
2006-01-23;-6.52166666666667
2006-01-24;-6.58583333333333
2006-01-25;-6.64458333333333
2006-01-26;-6.71166666666667
2006-01-27;-6.76791666666667
2006-01-28;-6.81458333333333
2006-01-29;-6.86916666666667
2006-01-30;-6.925
2006-01-31;-6.97708333333333
2006-02-01;-7.02208333333333
2006-02-02;-7.06875
2006-02-03;-7.12
2006-02-04;-7.16458333333333
2006-02-05;-7.20416666666667
2006-02-06;-7.24583333333333
2006-02-07;-7.29291666666667
2006-02-08;-7.33708333333333
2006-02-09;-7.37833333333333
2006-02-10;-7.41291666666667
2006-02-11;-7.44375
2006-02-12;-7.47875
2006-02-13;-7.51625
2006-02-14;-7.55041666666667
2006-02-15;-7.58125
2006-02-16;-7.61833333333333
2006-02-17;-7.6575
2006-02-18;-7.69083333333333
2006-02-19;-7.72166666666667
2006-02-20;-7.75125
2006-02-21;-7.78208333333333
2006-02-22;-7.81416666666667
2006-02-23;-7.84041666666667
2006-02-24;-7.8675
2006-02-25;-7.89416666666667
2006-02-26;-7.91333333333333
2006-02-27;-7.945
2006-02-28;-7.96916666666667
2006-03-01;-7.99125
2006-03-02;-8.015
2006-03-03;-8.04
2006-03-04;-8.06208333333333
2006-03-05;-8.08041666666667
2006-03-06;-8.10166666666667
2006-03-07;-8.11666666666667
2006-03-08;-8.13166666666667
2006-03-09;-8.14166666666667
2006-03-10;-8.15125
2006-03-11;-8.15541666666667
2006-03-12;-8.16125
2006-03-13;-8.17125
2006-03-14;-8.18708333333333
2006-03-15;-8.2
2006-03-16;-8.20375
2006-03-17;-8.21875
2006-03-18;-8.23
2006-03-19;-8.24208333333333
2006-03-20;-8.25875
2006-03-21;-8.27125
2006-03-22;-8.28333333333333
2006-03-23;-8.29791666666667
2006-03-24;-8.31208333333333
2006-03-25;-8.33416666666667
2006-03-26;-8.35222222222222
2006-03-27;-8.36875
2006-03-28;-8.385
2006-03-29;-8.40625
2006-03-30;-8.42916666666667
2006-03-31;-8.44708333333333
2006-04-01;-8.46083333333333
2006-04-02;-8.48
2006-04-03;-8.49875
2006-04-04;-8.51333333333333
2006-04-05;-8.53125
2006-04-06;-8.55125
2006-04-07;-8.56791666666667
2006-04-08;-8.58125
2006-04-09;-8.60041666666667
2006-04-10;-8.61958333333333
2006-04-11;-8.63791666666667
2006-04-12;-8.65166666666667
2006-04-13;-8.66875
2006-04-14;-8.68875
2006-04-15;-8.7075
2006-04-16;-8.72208333333333
2006-04-17;-8.73666666666667
2006-04-18;-8.7475
2006-04-19;-8.75458333333333
2006-04-20;-8.75458333333333
2006-04-21;-8.73833333333333
2006-04-22;-8.72791666666667
2006-04-23;-8.72
2006-04-24;-8.72
2006-04-25;-8.72
2006-04-26;-8.72
2006-04-27;-8.72416666666667
2006-04-28;-8.73166666666667
2006-04-29;-8.7425
2006-04-30;-8.75666666666667
2006-05-01;-8.76833333333333
2006-05-02;-8.78166666666667
2006-05-03;-8.79833333333333
2006-05-04;-8.8125
2006-05-05;-8.83
2006-05-06;-8.84291666666667
2006-05-07;-8.85916666666667
2006-05-08;-8.87833333333333
2006-05-09;-8.8925
2006-05-10;-8.90708333333333
2006-05-11;-8.92083333333333
2006-05-12;-8.9375
2006-05-13;-8.95041666666667
2006-05-14;-8.96666666666667
2006-05-15;-8.97958333333333
2006-05-16;-8.99375
2006-05-17;-9.01208333333333
2006-05-18;-9.02291666666667
2006-05-19;-9.03875
2006-05-20;-9.0525
2006-05-21;-9.06166666666667
2006-05-22;-9.07
2006-05-23;-9.07708333333333
2006-05-24;-9.08166666666667
2006-05-25;-9.09
2006-05-26;-9.09666666666667
2006-05-27;-9.10166666666667
2006-05-28;-9.11
2006-05-29;-9.11541666666667
2006-05-30;-9.12
2006-05-31;-9.1275
2006-06-01;-9.13333333333333
2006-06-02;-9.12666666666667
2006-06-03;-9.105
2006-06-04;-9.09416666666667
2006-06-05;-9.08458333333333
2006-06-06;-9.075
2006-06-07;-9.06416666666667
2006-06-08;-9.05083333333333
2006-06-09;-9.04083333333333
2006-06-10;-9.04
2006-06-11;-9.04
2006-06-12;-9.04
2006-06-13;-9.04166666666667
2006-06-14;-9.05
2006-06-15;-9.05875
2006-06-16;-9.06333333333333
2006-06-17;-9.07291666666667
2006-06-18;-9.08166666666667
2006-06-19;-9.09083333333333
2006-06-20;-9.1
2006-06-21;-9.10666666666667
2006-06-22;-9.11291666666667
2006-06-23;-9.12791666666667
2006-06-24;-9.14208333333333
2006-06-25;-9.1525
2006-06-26;-9.16625
2006-06-27;-9.17708333333333
2006-06-28;-9.18583333333333
2006-06-29;-9.18833333333333
2006-06-30;-8.58333333333333
2006-07-01;-7.80208333333333
2006-07-02;-7.39333333333333
2006-07-03;-6.76875
2006-07-04;-6.05583333333333
2006-07-05;-5.31625
2006-07-06;-4.76416666666667
2006-07-07;-4.42958333333333
2006-07-08;-4.21375
2006-07-09;-4.10333333333333
2006-07-10;-4.0325
2006-07-11;-3.99
2006-07-12;-3.96875
2006-07-13;-3.9625
2006-07-14;-3.97125
2006-07-15;-3.98875
2006-07-16;-3.97833333333333
2006-07-17;-3.96833333333333
2006-07-18;-3.7225
2006-07-19;-3.48625
2006-07-20;-3.28458333333333
2006-07-21;-3.02291666666667
2006-07-22;-2.92166666666667
2006-07-23;-2.87041666666667
2006-07-24;-2.85416666666667
2006-07-25;-2.86625
2006-07-26;-2.88625
2006-07-27;-2.91333333333333
2006-07-28;-2.94333333333333
2006-07-29;-2.99208333333333
2006-07-30;-3.04083333333333
2006-07-31;-3.07666666666667
2006-08-01;-3.1075
2006-08-02;-3.14875
2006-08-03;-3.18125
2006-08-04;-3.22791666666667
2006-08-05;-3.27708333333333
2006-08-06;-3.32583333333333
2006-08-07;-3.36875
2006-08-08;-3.4225
2006-08-09;-3.45666666666667
2006-08-10;-3.47666666666667
2006-08-11;-3.49791666666667
2006-08-12;-3.49791666666667
2006-08-13;-3.49791666666667
2006-08-14;-2.96583333333333
2006-08-15;-2.60708333333333
2006-08-16;-2.39875
2006-08-17;-2.3025
2006-08-18;-2.28458333333333
2006-08-19;-2.28708333333333
2006-08-20;-2.3
2006-08-21;-2.32083333333333
2006-08-22;-2.35958333333333
2006-08-23;-2.4125
2006-08-24;-2.46541666666667
2006-08-25;-2.94052631578947
2006-08-26;-3.3375
2006-08-27;-3.33833333333333
2006-08-28;-3.3825
2006-08-29;-3.43541666666667
2006-08-30;-3.48458333333333
2006-08-31;-3.54375
2006-09-01;-3.62333333333333
2006-09-02;-3.69666666666667
2006-09-03;-3.67478260869565
2006-09-04;-3.49869565217391
2006-09-05;-3.381875
2006-09-06;-3.37458333333333
2006-09-07;-2.9425
2006-09-08;-2.77791666666667
2006-09-09;-2.69791666666667
2006-09-10;-2.53416666666667
2006-09-11;-2.506
2006-09-12;NaN
2006-09-13;NaN
2006-09-14;NaN
2006-09-15;-3.083
2006-09-16;-3.01458333333333
2006-09-17;-2.99541666666667
2006-09-18;-3.00708333333333
2006-09-19;-3.04875
2006-09-20;-3.10416666666667
2006-09-21;-3.15958333333333
2006-09-22;-3.20958333333333
2006-09-23;-3.27291666666667
2006-09-24;-3.335
2006-09-25;-3.3925
2006-09-26;-3.43791666666667
2006-09-27;-3.49458333333333
2006-09-28;-3.53833333333333
2006-09-29;-3.595
2006-09-30;-3.65708333333333
2006-10-01;-3.71083333333333
2006-10-02;-3.7625
2006-10-03;-3.8275
2006-10-04;-3.88583333333333
2006-10-05;-3.94666666666667
2006-10-06;-4.01083333333333
2006-10-07;-4.06958333333333
2006-10-08;-4.13166666666667
2006-10-09;-4.18708333333333
2006-10-10;-4.24583333333333
2006-10-11;-4.29791666666667
2006-10-12;-4.3775
2006-10-13;-4.4825
2006-10-14;-4.58541666666667
2006-10-15;-4.68916666666667
2006-10-16;-4.78416666666667
2006-10-17;-4.88
2006-10-18;-4.89
2006-10-19;-3.8425
2006-10-20;-3.42458333333333
2006-10-21;-3.32565217391304
2006-10-22;-3.33708333333333
2006-10-23;-3.37666666666667
2006-10-24;-3.42875
2006-10-25;-3.48458333333333
2006-10-26;-3.5425
2006-10-27;-3.59541666666667
2006-10-28;-3.63833333333333
2006-10-29;-3.2195652173913
2006-10-30;-2.92833333333333
2006-10-31;-2.55375
2006-11-01;-2.37041666666667
2006-11-02;-2.22666666666667
2006-11-03;-2.22791666666667
2006-11-04;-2.25375
2006-11-05;-2.21291666666667
2006-11-06;-2.07541666666667
2006-11-07;-2.11208333333333
2006-11-08;-2.1425
2006-11-09;-2.18083333333333
2006-11-10;-2.22291666666667
2006-11-11;-2.26625
2006-11-12;-2.31875
2006-11-13;-2.38041666666667
2006-11-14;-2.44416666666667
2006-11-15;-2.51333333333333
2006-11-16;-2.57333333333333
2006-11-17;-2.63875
2006-11-18;-2.69375
2006-11-19;-2.74875
2006-11-20;-2.81833333333333
2006-11-21;-2.88208333333333
2006-11-22;-2.9275
2006-11-23;-2.91375
2006-11-24;-2.95083333333333
2006-11-25;-3.02041666666667
2006-11-26;-3.07958333333333
2006-11-27;-3.13291666666667
2006-11-28;-3.19458333333333
2006-11-29;-3.26375
2006-11-30;-3.32708333333333
2006-12-01;-3.39458333333333
2006-12-02;-3.46083333333333
2006-12-03;-3.53
2006-12-04;-3.59875
2006-12-05;-3.66791666666667
2006-12-06;-3.72416666666667
2006-12-07;-3.78958333333333
2006-12-08;-3.86375
2006-12-09;-3.93375
2006-12-10;-4.00541666666667
2006-12-11;-4.08041666666667
2006-12-12;-4.17625
2006-12-13;-4.2875
2006-12-14;-4.40083333333333
2006-12-15;-4.53166666666667
2006-12-16;-4.65583333333333
2006-12-17;-4.77833333333333
2006-12-18;-4.88541666666667
2006-12-19;-5.00708333333333
2006-12-20;-5.12666666666667
2006-12-21;-5.24583333333333
2006-12-22;-5.3775
2006-12-23;-5.52666666666667
2006-12-24;-5.655
2006-12-25;-5.77666666666667
2006-12-26;-5.88833333333333
2006-12-27;-5.99375
2006-12-28;-6.10375
2006-12-29;-6.21416666666667
2006-12-30;-6.31166666666667
2006-12-31;-6.40375
2007-01-01;-6.49708333333333
2007-01-02;-6.59458333333333
2007-01-03;-6.67041666666667
2007-01-04;-6.745
2007-01-05;-6.81416666666667
2007-01-06;-6.88458333333333
2007-01-07;-6.95208333333333
2007-01-08;-7.01041666666667
2007-01-09;-7.07875
2007-01-10;-7.14125
2007-01-11;-7.19416666666667
2007-01-12;-7.24333333333333
2007-01-13;-7.29833333333333
2007-01-14;-7.35291666666667
2007-01-15;-7.40916666666667
2007-01-16;-7.46208333333333
2007-01-17;-7.51666666666667
2007-01-18;-7.56875
2007-01-19;-7.61791666666667
2007-01-20;-7.66291666666667
2007-01-21;-7.70291666666667
2007-01-22;-7.74875
2007-01-23;-7.83208333333333
2007-01-24;-7.88666666666667
2007-01-25;-7.92125
2007-01-26;-7.95708333333333
2007-01-27;-7.99208333333333
2007-01-28;-8.02625
2007-01-29;-8.05666666666667
2007-01-30;-8.08916666666667
2007-01-31;-8.125
2007-02-01;-8.15125
2007-02-02;-8.18083333333333
2007-02-03;-8.21
2007-02-04;-8.23833333333333
2007-02-05;-8.25958333333333
2007-02-06;-8.28833333333333
2007-02-07;-8.31041666666667
2007-02-08;-8.33958333333333
2007-02-09;-8.36541666666667
2007-02-10;-8.39125
2007-02-11;-8.42333333333333
2007-02-12;-8.44916666666667
2007-02-13;-8.4775
2007-02-14;-8.50416666666667
2007-02-15;-8.53083333333333
2007-02-16;-8.55666666666667
2007-02-17;-8.5825
2007-02-18;-8.60958333333333
2007-02-19;-8.63875
2007-02-20;-8.6675
2007-02-21;-8.69541666666667
2007-02-22;-8.71666666666667
2007-02-23;-8.73625
2007-02-24;-8.75875
2007-02-25;-8.77916666666667
2007-02-26;-8.79875
2007-02-27;-8.81875
2007-02-28;-8.83958333333333
2007-03-01;-8.86041666666667
2007-03-02;-8.87958333333333
2007-03-03;-8.89791666666667
2007-03-04;-8.91791666666667
2007-03-05;-8.93833333333333
2007-03-06;-8.95583333333333
2007-03-07;-8.97
2007-03-08;-8.99041666666667
2007-03-09;-9.01291666666667
2007-03-10;-9.03708333333333
2007-03-11;-9.05708333333334
2007-03-12;-9.07291666666667
2007-03-13;-9.09125
2007-03-14;-9.10958333333333
2007-03-15;-9.12708333333333
2007-03-16;-9.14625
2007-03-17;-9.16416666666667
2007-03-18;-9.17875
2007-03-19;-9.19791666666667
2007-03-20;-9.21833333333333
2007-03-21;-9.23916666666667
2007-03-22;-9.25875
2007-03-23;-9.28041666666667
2007-03-24;-9.3
2007-03-25;-9.3152
2007-03-26;-9.3325
2007-03-27;-9.35458333333333
2007-03-28;-9.37291666666667
2007-03-29;-9.39041666666667
2007-03-30;-9.40916666666667
2007-03-31;-9.42791666666667
2007-04-01;-9.4425
2007-04-02;-9.45791666666667
2007-04-03;-9.47208333333333
2007-04-04;-9.48708333333333
2007-04-05;-9.49666666666667
2007-04-06;-9.51041666666667
2007-04-07;-9.52416666666667
2007-04-08;-9.54083333333333
2007-04-09;-9.55333333333333
2007-04-10;-9.56916666666667
2007-04-11;-9.58333333333333
2007-04-12;-9.59833333333333
2007-04-13;-9.61333333333333
2007-04-14;-9.63083333333333
2007-04-15;-9.6475
2007-04-16;-9.66
2007-04-17;-9.6675
2007-04-18;-9.67166666666667
2007-04-19;-9.68916666666667
2007-04-20;-9.7
2007-04-21;-9.67208333333333
2007-04-22;-9.63
2007-04-23;-9.605
2007-04-24;-9.58583333333333
2007-04-25;-9.56541666666667
2007-04-26;-9.55083333333333
2007-04-27;-9.53583333333333
2007-04-28;-9.525
2007-04-29;-9.51458333333333
2007-04-30;-9.50666666666667
2007-05-01;-9.50375
2007-05-02;-9.51
2007-05-03;-9.51
2007-05-04;-9.505
2007-05-05;-9.495
2007-05-06;-9.48125
2007-05-07;-9.48
2007-05-08;-9.48
2007-05-09;-9.4825
2007-05-10;-9.49666666666667
2007-05-11;-9.50833333333333
2007-05-12;-9.52458333333333
2007-05-13;-9.54041666666667
2007-05-14;-9.55833333333333
2007-05-15;-9.5725
2007-05-16;-9.59208333333333
2007-05-17;-9.60625
2007-05-18;-9.61958333333333
2007-05-19;-9.63916666666667
2007-05-20;-9.65708333333333
2007-05-21;-9.67833333333333
2007-05-22;-9.695
2007-05-23;-9.7125
2007-05-24;-9.73208333333333
2007-05-25;-9.7525
2007-05-26;-9.77125
2007-05-27;-9.79125
2007-05-28;-9.81958333333333
2007-05-29;-9.85125
2007-05-30;-9.87166666666667
2007-05-31;-9.89166666666667
2007-06-01;-9.915
2007-06-02;-9.93208333333333
2007-06-03;-9.9475
2007-06-04;-9.96708333333334
2007-06-05;-9.98
2007-06-06;-9.9975
2007-06-07;-10.0116666666667
2007-06-08;-10.0241666666667
2007-06-09;-10.04125
2007-06-10;-10.0604166666667
2007-06-11;-10.0720833333333
2007-06-12;-10.0904166666667
2007-06-13;-10.1070833333333
2007-06-14;-10.1225
2007-06-15;-10.1375
2007-06-16;-10.1508333333333
2007-06-17;-10.16
2007-06-18;-10.17625
2007-06-19;-10.1854166666667
2007-06-20;-10.1941666666667
2007-06-21;-10.1979166666667
2007-06-22;-10.2025
2007-06-23;-10.1070833333333
2007-06-24;-9.29875
2007-06-25;-8.5
2007-06-26;-8.23625
2007-06-27;-8.12
2007-06-28;NaN
2007-06-29;NaN
2007-06-30;-7.93
2007-07-01;-7.72458333333333
2007-07-02;-6.76791666666667
2007-07-03;-5.84666666666667
2007-07-04;-5.11791666666667
2007-07-05;-4.58541666666667
2007-07-06;-4.21458333333333
2007-07-07;-3.86916666666667
2007-07-08;-3.63208333333333
2007-07-09;-3.46916666666667
2007-07-10;-3.30166666666667
2007-07-11;-3.1725
2007-07-12;-3.09125
2007-07-13;-3.03291666666667
2007-07-14;-2.91541666666667
2007-07-15;-2.84708333333333
2007-07-16;-2.69958333333333
2007-07-17;-2.54
2007-07-18;-2.54541666666667
2007-07-19;-2.58083333333333
2007-07-20;-2.57916666666667
2007-07-21;-2.565
2007-07-22;-2.56375
2007-07-23;-2.58625
2007-07-24;-2.60791666666667
2007-07-25;-2.62791666666667
2007-07-26;-2.66791666666667
2007-07-27;-2.7
2007-07-28;-2.73291666666667
2007-07-29;-2.7775
2007-07-30;-2.83208333333333
2007-07-31;-2.87833333333333
2007-08-01;-2.89583333333333
2007-08-02;-2.88166666666667
2007-08-03;-2.89708333333333
2007-08-04;-2.96333333333333
2007-08-05;-2.97041666666667
2007-08-06;-2.52041666666667
2007-08-07;-2.29958333333333
2007-08-08;-2.13875
2007-08-09;-2.14333333333333
2007-08-10;-2.00666666666667
2007-08-11;-2.06208333333333
2007-08-12;-2.14291666666667
2007-08-13;-2.19833333333333
2007-08-14;-2.2425
2007-08-15;-2.28125
2007-08-16;-2.31875
2007-08-17;-2.35625
2007-08-18;-2.40041666666667
2007-08-19;-2.45125
2007-08-20;-2.49833333333333
2007-08-21;-2.51458333333333
2007-08-22;-2.12333333333333
2007-08-23;-2.14833333333333
2007-08-24;-2.16166666666667
2007-08-25;-2.17625
2007-08-26;-2.15791666666667
2007-08-27;-2.16958333333333
2007-08-28;-2.19833333333333
2007-08-29;-2.21166666666667
2007-08-30;-2.23375
2007-08-31;-2.26583333333333
2007-09-01;-2.29375
2007-09-02;-2.31625
2007-09-03;-2.11708333333333
2007-09-04;-2.07
2007-09-05;-2.08416666666667
2007-09-06;-2.08583333333333
2007-09-07;-2.10708333333333
2007-09-08;-2.14083333333333
2007-09-09;-2.17583333333333
2007-09-10;-2.20791666666667
2007-09-11;-2.24458333333333
2007-09-12;-2.28708333333333
2007-09-13;-2.34333333333333
2007-09-14;-2.36375
2007-09-15;-2.21208333333333
2007-09-16;-2.06666666666667
2007-09-17;-2.08375
2007-09-18;-2.09958333333333
2007-09-19;-2.13458333333333
2007-09-20;-2.16583333333333
2007-09-21;-2.2025
2007-09-22;-2.24083333333333
2007-09-23;-2.29416666666667
2007-09-24;-2.28458333333333
2007-09-25;-2.24333333333333
2007-09-26;-2.12625
2007-09-27;-1.9875
2007-09-28;-1.96708333333333
2007-09-29;-1.9875
2007-09-30;-2.02
2007-10-01;-2.0475
2007-10-02;-2.09
2007-10-03;-2.14583333333333
2007-10-04;-2.2075
2007-10-05;-2.26416666666667
2007-10-06;-2.3225
2007-10-07;-2.38625
2007-10-08;-2.44791666666667
2007-10-09;-2.49958333333333
2007-10-10;-2.56083333333333
2007-10-11;-2.59583333333333
2007-10-12;-2.65291666666667
2007-10-13;-2.71791666666667
2007-10-14;-2.78166666666667
2007-10-15;-2.84041666666667
2007-10-16;-2.88416666666667
2007-10-17;-2.91708333333333
2007-10-18;-2.94416666666667
2007-10-19;-2.90666666666667
2007-10-20;-2.49833333333333
2007-10-21;-2.23208333333333
2007-10-22;-1.98916666666667
2007-10-23;-1.82708333333333
2007-10-24;-1.86208333333333
2007-10-25;-1.87375
2007-10-26;-1.90833333333333
2007-10-27;-1.79708333333333
2007-10-28;-1.72260869565217
2007-10-29;-1.805
2007-10-30;-1.85625
2007-10-31;-1.89333333333333
2007-11-01;-1.91083333333333
2007-11-02;-1.90958333333333
2007-11-03;-1.92333333333333
2007-11-04;-1.94125
2007-11-05;-1.96666666666667
2007-11-06;-1.96833333333333
2007-11-07;-1.88333333333333
2007-11-08;-1.90458333333333
2007-11-09;-1.94125
2007-11-10;-1.98125
2007-11-11;-2.02875
2007-11-12;-2.07416666666667
2007-11-13;-2.12333333333333
2007-11-14;-2.17708333333333
2007-11-15;-2.24958333333333
2007-11-16;-2.31583333333333
2007-11-17;-2.37708333333333
2007-11-18;-2.4425
2007-11-19;-2.51375
2007-11-20;-2.56041666666667
2007-11-21;-2.62291666666667
2007-11-22;-2.69208333333333
2007-11-23;-2.7525
2007-11-24;-2.81916666666667
2007-11-25;-2.88291666666667
2007-11-26;-2.94291666666667
2007-11-27;-2.995
2007-11-28;-3.03958333333333
2007-11-29;-3.09583333333333
2007-11-30;-3.14958333333333
2007-12-01;-3.20625
2007-12-02;-3.25291666666667
2007-12-03;-3.30916666666667
2007-12-04;-3.37083333333333
2007-12-05;-3.43666666666667
2007-12-06;-3.49583333333333
2007-12-07;-3.55291666666667
2007-12-08;-3.605
2007-12-09;-3.65125
2007-12-10;-3.7025
2007-12-11;-3.75875
2007-12-12;-3.80958333333333
2007-12-13;-3.86541666666667
2007-12-14;-3.91875
2007-12-15;-3.96666666666667
2007-12-16;-4.05
2007-12-17;-4.13166666666667
2007-12-18;-4.18125
2007-12-19;-4.19583333333333
2007-12-20;-4.23958333333333
2007-12-21;-4.31458333333333
2007-12-22;-4.38708333333333
2007-12-23;-4.45875
2007-12-24;-4.54333333333333
2007-12-25;-4.645
2007-12-26;-4.74666666666667
2007-12-27;-4.84416666666667
2007-12-28;-4.93666666666667
2007-12-29;-5.04041666666667
2007-12-30;-5.15791666666667
2007-12-31;-5.26375
2008-01-01;-5.37375
2008-01-02;-5.48583333333333
2008-01-03;-5.58916666666667
2008-01-04;-5.685
2008-01-05;-5.76791666666667
2008-01-06;-5.86041666666667
2008-01-07;-5.96
2008-01-08;-6.04666666666667
2008-01-09;-6.13083333333333
2008-01-10;-6.20916666666667
2008-01-11;-6.29083333333333
2008-01-12;-6.37208333333333
2008-01-13;-6.44791666666667
2008-01-14;-6.52125
2008-01-15;-6.59375
2008-01-16;-6.66333333333333
2008-01-17;-6.72291666666667
2008-01-18;-6.76958333333333
2008-01-19;-6.81791666666667
2008-01-20;-6.87291666666667
2008-01-21;-6.91458333333333
2008-01-22;-6.95666666666667
2008-01-23;-7.00208333333333
2008-01-24;-7.045
2008-01-25;-7.0725
2008-01-26;-7.11208333333333
2008-01-27;-7.1525
2008-01-28;-7.19291666666667
2008-01-29;-7.23333333333333
2008-01-30;-7.265
2008-01-31;-7.29916666666667
2008-02-01;-7.3325
2008-02-02;-7.36916666666667
2008-02-03;-7.39875
2008-02-04;-7.43166666666667
2008-02-05;-7.46791666666667
2008-02-06;-7.49583333333333
2008-02-07;-7.52083333333333
2008-02-08;-7.55041666666667
2008-02-09;-7.57333333333333
2008-02-10;-7.59791666666667
2008-02-11;-7.61166666666667
2008-02-12;-7.62541666666667
2008-02-13;-7.64083333333333
2008-02-14;-7.64541666666667
2008-02-15;-7.66166666666667
2008-02-16;-7.67666666666667
2008-02-17;-7.69125
2008-02-18;-7.70625
2008-02-19;-7.725
2008-02-20;-7.74333333333333
2008-02-21;-7.76166666666667
2008-02-22;-7.77416666666667
2008-02-23;-7.78833333333333
2008-02-24;-7.80583333333333
2008-02-25;-7.82166666666667
2008-02-26;-7.83875
2008-02-27;-7.85791666666667
2008-02-28;-7.86
2008-02-29;-7.89
2008-03-01;-7.91875
2008-03-02;-7.93166666666667
2008-03-03;-8.01958333333333
2008-03-04;-8.06
2008-03-05;-8.06125
2008-03-06;-8.07916666666667
2008-03-07;-8.09958333333333
2008-03-08;-8.11791666666667
2008-03-09;-8.13791666666667
2008-03-10;-8.1575
2008-03-11;-8.17791666666667
2008-03-12;-8.19166666666667
2008-03-13;-8.20875
2008-03-14;-8.2275
2008-03-15;-8.24166666666667
2008-03-16;-8.25083333333333
2008-03-17;-8.26
2008-03-18;-8.26416666666667
2008-03-19;-8.25958333333333
2008-03-20;-8.24666666666667
2008-03-21;-8.22916666666667
2008-03-22;-8.22
2008-03-23;-8.2075
2008-03-24;-8.19583333333333
2008-03-25;-8.18541666666667
2008-03-26;-8.17541666666667
2008-03-27;-8.16625
2008-03-28;-8.16333333333333
2008-03-29;-8.15625
2008-03-30;-8.02555555555556
2008-03-31;-6.85833333333333
2008-04-01;-6.20708333333333
2008-04-02;-6.03958333333333
2008-04-03;-6.00083333333333
2008-04-04;-5.95791666666667
2008-04-05;-5.97125
2008-04-06;-5.98416666666667
2008-04-07;-6.03916666666667
2008-04-08;-6.12583333333333
2008-04-09;-6.25875
2008-04-10;-6.37666666666667
2008-04-11;-6.47
2008-04-12;-6.58
2008-04-13;-6.69458333333333
2008-04-14;-6.80833333333333
2008-04-15;-6.93541666666667
2008-04-16;-7.04583333333333
2008-04-17;-7.13708333333333
2008-04-18;-7.21916666666667
2008-04-19;-7.29208333333333
2008-04-20;-7.35708333333333
2008-04-21;-7.40583333333333
2008-04-22;-7.46625
2008-04-23;-7.51375
2008-04-24;-7.53958333333333
2008-04-25;-7.56083333333333
2008-04-26;-7.57916666666667
2008-04-27;-7.59208333333333
2008-04-28;-7.60916666666667
2008-04-29;-7.63541666666667
2008-04-30;-7.65583333333333
2008-05-01;-7.68375
2008-05-02;-7.69958333333333
2008-05-03;-7.7175
2008-05-04;-7.74708333333333
2008-05-05;-7.77875
2008-05-06;-7.80166666666667
2008-05-07;-7.825
2008-05-08;-7.8525
2008-05-09;-7.87625
2008-05-10;-7.71541666666667
2008-05-11;-5.79916666666667
2008-05-12;-4.9225
2008-05-13;-4.71666666666667
2008-05-14;-4.6875
2008-05-15;-4.72375
2008-05-16;-4.835
2008-05-17;-4.98
2008-05-18;-5.17125
2008-05-19;-5.36875
2008-05-20;-5.54916666666667
2008-05-21;-5.73708333333333
2008-05-22;-5.92375
2008-05-23;-6.11375
2008-05-24;-6.28833333333333
2008-05-25;-6.46583333333333
2008-05-26;-6.62291666666667
2008-05-27;-6.74208333333333
2008-05-28;-6.84416666666667
2008-05-29;-6.95458333333333
2008-05-30;-7.04875
2008-05-31;-7.11791666666667
2008-06-01;-7.15875
2008-06-02;-7.19875
2008-06-03;-7.25041666666667
2008-06-04;-7.30916666666667
2008-06-05;-7.35375
2008-06-06;-7.39541666666667
2008-06-07;-7.44333333333333
2008-06-08;-7.48833333333333
2008-06-09;-7.52708333333333
2008-06-10;-7.5575
2008-06-11;-7.58958333333333
2008-06-12;-7.62625
2008-06-13;-7.64791666666667
2008-06-14;-7.66041666666667
2008-06-15;-7.67708333333333
2008-06-16;-7.69875
2008-06-17;-7.72791666666667
2008-06-18;-7.68666666666667
2008-06-19;-7.66458333333333
2008-06-20;-7.68208333333333
2008-06-21;-7.69041666666667
2008-06-22;-7.70764705882353
2008-06-23;-7.72125
2008-06-24;-7.73291666666667
2008-06-25;-7.75041666666667
2008-06-26;-7.76541666666667
2008-06-27;-7.77083333333333
2008-06-28;-7.78625
2008-06-29;-7.79958333333333
2008-06-30;-7.81416666666667
2008-07-01;-7.82833333333333
2008-07-02;-7.835
2008-07-03;-7.83958333333333
2008-07-04;-7.84833333333333
2008-07-05;-7.86041666666667
2008-07-06;-7.87541666666667
2008-07-07;-7.88833333333333
2008-07-08;-7.9025
2008-07-09;-7.92041666666667
2008-07-10;-7.94
2008-07-11;-7.95
2008-07-12;-7.96
2008-07-13;-7.98041666666667
2008-07-14;-7.99875
2008-07-15;-8.0125
2008-07-16;-8.02916666666667
2008-07-17;-8.04916666666667
2008-07-18;-8.06208333333333
2008-07-19;-8.07022222222222
2008-07-20;-8.06958333333333
2008-07-21;-8.09125
2008-07-22;-8.10625
2008-07-23;-8.12166666666667
2008-07-24;-8.14166666666667
2008-07-25;-8.15291666666667
2008-07-26;-8.16666666666667
2008-07-27;-8.17875
2008-07-28;-8.19
2008-07-29;-8.19
2008-07-30;-8.17708333333333
2008-07-31;-8.15041666666667
2008-08-01;-8.11958333333333
2008-08-02;-8.0825
2008-08-03;-8.05541666666667
2008-08-04;-8.03041666666667
2008-08-05;-8.01166666666667
2008-08-06;-7.995
2008-08-07;-7.98541666666667
2008-08-08;-7.97583333333333
2008-08-09;-7.97
2008-08-10;-7.97
2008-08-11;-7.96041666666667
2008-08-12;-7.765
2008-08-13;-6.27791666666667
2008-08-14;-5.38291666666667
2008-08-15;-5.01916666666667
2008-08-16;-4.86958333333333
2008-08-17;-4.8225
2008-08-18;-4.80791666666667
2008-08-19;-4.80458333333333
2008-08-20;-4.79875
2008-08-21;-4.81708333333333
2008-08-22;-4.88291666666667
2008-08-23;-4.94785714285714
2008-08-24;-5.06875
2008-08-25;-5.17333333333333
2008-08-26;-5.28
2008-08-27;-4.75375
2008-08-28;-3.805
2008-08-29;-3.47
2008-08-30;-3.05583333333333
2008-08-31;-2.86916666666667
2008-09-01;-2.79666666666667
2008-09-02;-2.77791666666667
2008-09-03;-2.80916666666667
2008-09-04;-2.85166666666667
2008-09-05;-2.92416666666667
2008-09-06;-3.00833333333333
2008-09-07;-3.08083333333333
2008-09-08;-3.14
2008-09-09;-3.19583333333333
2008-09-10;-3.24833333333333
2008-09-11;-3.31625
2008-09-12;-3.38208333333333
2008-09-13;-3.4475
2008-09-14;-3.50041666666667
2008-09-15;-3.55833333333333
2008-09-16;-3.62375
2008-09-17;-3.68708333333333
2008-09-18;-3.75916666666667
2008-09-19;-3.8175
2008-09-20;-3.87
2008-09-21;-3.93166666666667
2008-09-22;-3.99416666666667
2008-09-23;-4.06333333333333
2008-09-24;-4.14416666666667
2008-09-25;-4.225
2008-09-26;-4.31583333333333
2008-09-27;-4.42541666666667
2008-09-28;-4.5525
2008-09-29;-4.63785714285714
2008-09-30;NaN
2008-10-01;NaN
2008-10-02;NaN
2008-10-03;NaN
2008-10-04;NaN
2008-10-05;NaN
2008-10-06;NaN
2008-10-07;NaN
2008-10-08;NaN
2008-10-09;NaN
2008-10-10;NaN
2008-10-11;NaN
2008-10-12;NaN
2008-10-13;NaN
2008-10-14;NaN
2008-10-15;NaN
2008-10-16;NaN
2008-10-17;NaN
2008-10-18;NaN
2008-10-19;NaN
2008-10-20;NaN
2008-10-21;NaN
2008-10-22;NaN
2008-10-23;NaN
2008-10-24;NaN
2008-10-25;NaN
2008-10-26;NaN
2008-10-27;NaN
2008-10-28;NaN
2008-10-29;NaN
2008-10-30;NaN
2008-10-31;NaN
2008-11-01;NaN
2008-11-02;NaN
2008-11-03;NaN
2008-11-04;NaN
2008-11-05;NaN
2008-11-06;NaN
2008-11-07;NaN
2008-11-08;NaN
2008-11-09;NaN
2008-11-10;NaN
2008-11-11;NaN
2008-11-12;NaN
2008-11-13;NaN
2008-11-14;NaN
2008-11-15;NaN
2008-11-16;NaN
2008-11-17;NaN
2008-11-18;NaN
2008-11-19;NaN
2008-11-20;NaN
2008-11-21;NaN
2008-11-22;NaN
2008-11-23;NaN
2008-11-24;NaN
2008-11-25;NaN
2008-11-26;NaN
2008-11-27;NaN
2008-11-28;NaN
2008-11-29;NaN
2008-11-30;NaN
2008-12-01;NaN
2008-12-02;NaN
2008-12-03;NaN
2008-12-04;NaN
2008-12-05;NaN
2008-12-06;NaN
2008-12-07;NaN
2008-12-08;NaN
2008-12-09;NaN
2008-12-10;NaN
2008-12-11;NaN
2008-12-12;NaN
2008-12-13;NaN
2008-12-14;NaN
2008-12-15;NaN
2008-12-16;NaN
2008-12-17;NaN
2008-12-18;NaN
2008-12-19;NaN
2008-12-20;NaN
2008-12-21;NaN
2008-12-22;NaN
2008-12-23;NaN
2008-12-24;NaN
2008-12-25;NaN
2008-12-26;NaN
2008-12-27;NaN
2008-12-28;NaN
2008-12-29;NaN
2008-12-30;NaN
2008-12-31;NaN
2009-01-01;NaN
2009-01-02;NaN
2009-01-03;NaN
2009-01-04;NaN
2009-01-05;NaN
2009-01-06;NaN
2009-01-07;NaN
2009-01-08;NaN
2009-01-09;NaN
2009-01-10;NaN
2009-01-11;NaN
2009-01-12;NaN
2009-01-13;NaN
2009-01-14;NaN
2009-01-15;NaN
2009-01-16;NaN
2009-01-17;NaN
2009-01-18;NaN
2009-01-19;NaN
2009-01-20;NaN
2009-01-21;NaN
2009-01-22;NaN
2009-01-23;NaN
2009-01-24;NaN
2009-01-25;NaN
2009-01-26;NaN
2009-01-27;NaN
2009-01-28;NaN
2009-01-29;NaN
2009-01-30;NaN
2009-01-31;NaN
2009-02-01;NaN
2009-02-02;NaN
2009-02-03;NaN
2009-02-04;NaN
2009-02-05;NaN
2009-02-06;NaN
2009-02-07;NaN
2009-02-08;NaN
2009-02-09;NaN
2009-02-10;NaN
2009-02-11;NaN
2009-02-12;NaN
2009-02-13;NaN
2009-02-14;NaN
2009-02-15;NaN
2009-02-16;NaN
2009-02-17;NaN
2009-02-18;NaN
2009-02-19;NaN
2009-02-20;NaN
2009-02-21;NaN
2009-03-29;NaN
2009-04-01;NaN
2009-04-02;NaN
2009-04-03;NaN
2009-04-04;NaN
2009-04-05;NaN
2009-04-06;NaN
2009-04-07;NaN
2009-04-08;NaN
2009-04-09;NaN
2009-04-10;NaN
2009-04-11;NaN
2009-04-12;NaN
2009-04-13;NaN
2009-04-14;NaN
2009-04-15;NaN
2009-04-16;NaN
2009-04-17;NaN
2009-04-18;NaN
2009-04-19;NaN
2009-04-20;NaN
2009-04-21;NaN
2009-04-22;NaN
2009-04-23;NaN
2009-04-24;NaN
2009-04-25;NaN
2009-04-26;NaN
2009-04-27;NaN
2009-04-28;NaN
2009-04-29;NaN
2009-04-30;NaN
2009-05-01;NaN
2009-05-02;NaN
2009-05-03;NaN
2009-05-04;NaN
2009-05-05;NaN
2009-05-06;NaN
2009-05-07;NaN
2009-05-08;NaN
2009-05-09;NaN
2009-05-10;NaN
2009-05-11;NaN
2009-05-12;NaN
2009-05-13;NaN
2009-05-14;NaN
2009-05-15;NaN
2009-05-16;NaN
2009-05-17;NaN
2009-05-18;NaN
2009-05-19;NaN
2009-05-20;NaN
2009-05-21;NaN
2009-05-22;NaN
2009-05-23;NaN
2009-05-24;NaN
2009-05-25;NaN
2009-05-26;NaN
2009-05-27;NaN
2009-05-28;NaN
2009-05-29;NaN
2009-05-30;NaN
2009-05-31;NaN
2009-06-01;NaN
2009-06-02;NaN
2009-06-03;NaN
2009-06-04;NaN
2009-06-05;NaN
2009-06-06;NaN
2009-06-07;NaN
2009-06-08;NaN
2009-06-09;NaN
2009-06-10;NaN
2009-06-11;NaN
2009-06-12;NaN
2009-06-13;NaN
2009-06-14;NaN
2009-06-15;NaN
2009-06-16;NaN
2009-06-17;NaN
2009-06-18;NaN
2009-06-19;NaN
2009-06-20;NaN
2009-06-21;NaN
2009-06-22;NaN
2009-06-23;NaN
2009-06-24;NaN
2009-06-25;NaN
2009-06-26;NaN
2009-06-27;NaN
2009-06-28;NaN
2009-06-29;NaN
2009-06-30;NaN
2009-07-01;NaN
2009-07-02;NaN
2009-07-03;NaN
2009-07-04;NaN
2009-07-05;NaN
2009-07-06;NaN
2009-07-07;NaN
2009-07-08;NaN
2009-07-09;NaN
2009-07-10;NaN
2009-07-11;NaN
2009-07-12;NaN
2009-07-13;NaN
2009-07-14;-3.66428571428571
2009-07-15;-3.28791666666667
2009-07-16;-2.86583333333333
2009-07-17;-2.64875
2009-07-18;-2.36416666666667
2009-07-19;-2.31333333333333
2009-07-20;-2.26791666666667
2009-07-21;-2.23
2009-07-22;-2.22375
2009-07-23;-2.23916666666667
2009-07-24;-2.26041666666667
2009-07-25;-2.28583333333333
2009-07-26;-2.325
2009-07-27;-2.3575
2009-07-28;-2.38916666666667
2009-07-29;-2.44
2009-07-30;-2.46375
2009-07-31;-2.50181818181818
2009-08-01;NaN
2009-08-02;NaN
2009-08-03;NaN
2009-08-04;NaN
2009-08-05;NaN
2009-08-06;NaN
2009-08-07;-2.85
2009-08-08;-2.88166666666667
2009-08-09;-2.93083333333333
2009-08-10;-2.94041666666667
2009-08-11;-2.98458333333333
2009-08-12;-3.06
2009-08-13;-3.12666666666667
2009-08-14;-3.17666666666667
2009-08-15;-3.2125
2009-08-16;-3.26625
2009-08-17;-3.30625
2009-08-18;-3.33666666666667
2009-08-19;-3.37
2009-08-20;-3.41666666666667
2009-08-21;-3.45375
2009-08-22;-3.26375
2009-08-23;-2.54958333333333
2009-08-24;-2.33333333333333
2009-08-25;-2.28041666666667
2009-08-26;-2.27666666666667
2009-08-27;-2.32125
2009-08-28;-2.37833333333333
2009-08-29;-2.44708333333333
2009-08-30;-2.52583333333333
2009-08-31;-2.59363636363636
2009-09-01;NaN
2009-09-02;NaN
2009-09-03;NaN
2009-09-04;NaN
2009-09-05;NaN
2009-09-06;NaN
2009-09-07;-2.91
2009-09-08;-2.93
2009-09-09;-2.91916666666667
2009-09-10;-2.41666666666667
2009-09-11;-3.26291666666667
2009-09-12;-3.30458333333333
2009-09-13;-3.18458333333333
2009-09-14;-3.23083333333333
2009-09-15;-3.27083333333333
2009-09-16;-3.31125
2009-09-17;-3.35458333333333
2009-09-18;-3.38583333333333
2009-09-19;-3.12083333333333
2009-09-20;-2.27625
2009-09-21;-2.02791666666667
2009-09-22;-1.94208333333333
2009-09-23;-1.9325
2009-09-24;-1.94625
2009-09-25;-1.92208333333333
2009-09-26;-1.83
2009-09-27;-1.7875
2009-09-28;-1.72291666666667
2009-09-29;-1.77916666666667
2009-09-30;-1.80909090909091
2009-10-01;NaN
2009-10-02;NaN
2009-10-03;NaN
2009-10-04;NaN
2009-10-05;NaN
2009-10-06;NaN
2009-10-07;NaN
2009-10-08;NaN
2009-10-09;-2.38
2009-10-10;-2.475
2009-10-11;-2.9475
2009-10-12;-3.3
2009-10-13;-2.18541666666667
2009-10-14;-1.92208333333333
2009-10-15;-1.855
2009-10-16;-1.91
2009-10-17;-1.95958333333333
2009-10-18;-1.99875
2009-10-19;-2.04625
2009-10-20;-2.08916666666667
2009-10-21;-2.13791666666667
2009-10-22;-2.20375
2009-10-23;-2.26916666666667
2009-10-24;-2.33583333333333
2009-10-25;-2.39652173913043
2009-10-26;-2.45708333333333
2009-10-27;-2.53375
2009-10-28;-2.59791666666667
2009-10-29;-2.67416666666667
2009-10-30;-2.7325
2009-10-31;-2.80434782608696
2009-11-01;NaN
2009-11-02;NaN
2009-11-03;NaN
2009-11-04;NaN
2009-11-05;NaN
2009-11-06;-4.2
2009-11-07;-3.94
2009-11-08;-3.03083333333333
2009-11-09;-3.05916666666667
2009-11-10;-2.475
2009-11-11;-2.43708333333333
2009-11-12;-3.36708333333333
2009-11-13;-2.29833333333333
2009-11-14;-2.32583333333333
2009-11-15;-2.31083333333333
2009-11-16;-2.34583333333333
2009-11-17;-2.38625
2009-11-18;-2.46291666666667
2009-11-19;-2.52666666666667
2009-11-20;-2.58125
2009-11-21;-2.64625
2009-11-22;-2.71041666666667
2009-11-23;-2.77416666666667
2009-11-24;-2.83583333333333
2009-11-25;-2.85416666666667
2009-11-26;-2.71916666666667
2009-11-27;-2.78375
2009-11-28;-2.84416666666667
2009-11-29;-2.89291666666667
2009-11-30;-2.93434782608696
2009-12-01;NaN
2009-12-02;NaN
2009-12-03;NaN
2009-12-04;NaN
2009-12-05;NaN
2009-12-06;-3.83
2009-12-07;-3.73333333333333
2009-12-08;-3.0775
2009-12-09;-3.11083333333333
2009-12-10;-2.52833333333333
2009-12-11;-2.34625
2009-12-12;-3.45833333333333
2009-12-13;-3.50458333333333
2009-12-14;-3.55541666666667
2009-12-15;-3.60375
2009-12-16;-3.6375
2009-12-17;-3.67333333333333
2009-12-18;-3.72666666666667
2009-12-19;-3.78416666666667
2009-12-20;-3.84375
2009-12-21;-3.89833333333333
2009-12-22;-3.95708333333333
2009-12-23;-4.04
2009-12-24;-4.12083333333333
2009-12-25;-4.18958333333333
2009-12-26;-4.26291666666667
2009-12-27;-4.21083333333333
2009-12-28;-3.54041666666667
2009-12-29;-3.39583333333333
2009-12-30;-3.39583333333333
2009-12-31;-3.4275
2010-01-01;-3.48166666666667
2010-01-02;-3.54458333333333
2010-01-03;-3.59958333333333
2010-01-04;-3.655
2010-01-05;-3.71083333333333
2010-01-06;-3.77
2010-01-07;-3.83083333333333
2010-01-08;-3.89625
2010-01-09;-3.95791666666667
2010-01-10;-4.02
2010-01-11;-4.08583333333333
2010-01-12;-4.15666666666667
2010-01-13;-4.29208333333333
2010-01-14;-4.42291666666667
2010-01-15;-4.51875
2010-01-16;-4.63208333333333
2010-01-17;-4.76208333333333
2010-01-18;-4.88625
2010-01-19;-4.98875
2010-01-20;-5.10375
2010-01-21;-5.22333333333333
2010-01-22;-5.34875
2010-01-23;-5.46666666666667
2010-01-24;-5.57416666666667
2010-01-25;-5.67958333333333
2010-01-26;-5.78625
2010-01-27;-5.88291666666667
2010-01-28;-5.97583333333333
2010-01-29;-6.06791666666667
2010-01-30;-6.15916666666667
2010-01-31;-6.23913043478261
2010-02-01;-6.33125
2010-02-02;-6.38083333333333
2010-02-03;-6.45916666666667
2010-02-04;-6.52833333333333
2010-02-05;-6.59875
2010-02-06;-6.66333333333333
2010-02-07;-6.72291666666667
2010-02-08;-6.76833333333333
2010-02-09;-6.8175
2010-02-10;-6.86958333333333
2010-02-11;-6.92166666666667
2010-02-12;-6.96458333333333
2010-02-13;-7.00291666666667
2010-02-14;-7.03916666666667
2010-02-15;-7.07458333333333
2010-02-16;-7.11166666666667
2010-02-17;-7.15541666666667
2010-02-18;-7.1875
2010-02-19;-7.22083333333333
2010-02-20;-7.24958333333333
2010-02-21;-7.27541666666667
2010-02-22;-7.30208333333333
2010-02-23;-7.32791666666667
2010-02-24;-7.3475
2010-02-25;-7.36958333333333
2010-02-26;-7.39541666666667
2010-02-27;-7.41708333333333
2010-02-28;-7.44125
2010-03-01;-7.46
2010-03-02;-7.48208333333333
2010-03-03;-7.49875
2010-03-04;-7.52333333333333
2010-03-05;-7.54166666666667
2010-03-06;-7.56958333333333
2010-03-07;-7.58625
2010-03-08;-7.60208333333333
2010-03-09;-7.625
2010-03-10;-7.64916666666667
2010-03-11;-7.66708333333333
2010-03-12;-7.68583333333333
2010-03-13;-7.7
2010-03-14;-7.71875
2010-03-15;-7.73291666666667
2010-03-16;-7.75041666666667
2010-03-17;-7.76916666666667
2010-03-18;-7.79125
2010-03-19;-7.81208333333333
2010-03-20;-7.82583333333333
2010-03-21;-7.83875
2010-03-22;-7.84913043478261
2010-03-23;-7.8675
2010-03-24;-7.88208333333333
2010-03-25;-7.89875
2010-03-26;-7.9125
2010-03-27;-7.92791666666667
2010-03-28;-7.94814814814815
2010-03-29;-7.96916666666667
2010-03-30;-7.98333333333333
2010-03-31;-7.99875
2010-04-01;-8.018
2010-04-02;-8.03
2010-04-03;-8.05041666666667
2010-04-04;-8.07041666666667
2010-04-05;-8.08333333333333
2010-04-06;-8.10083333333333
2010-04-07;-8.12041666666667
2010-04-08;-8.13875
2010-04-09;-8.15125
2010-04-10;-8.16208333333333
2010-04-11;-8.17666666666667
2010-04-12;-8.19333333333333
2010-04-13;-8.20583333333333
2010-04-14;-8.22375
2010-04-15;-8.23833333333333
2010-04-16;-8.25291666666667
2010-04-17;-8.26958333333333
2010-04-18;-8.28208333333333
2010-04-19;-8.29708333333333
2010-04-20;-8.305
2010-04-21;-8.31086956521739
2010-04-22;-8.29041666666667
2010-04-23;-8.28166666666667
2010-04-24;-8.27
2010-04-25;-8.23958333333333
2010-04-26;-8.21458333333333
2010-04-27;-8.18916666666667
2010-04-28;-8.12125
2010-04-29;-8.02708333333333
2010-04-30;-7.82173913043478
2010-05-01;-6.21363636363636
2010-05-02;-5.21291666666667
2010-05-03;-4.57833333333333
2010-05-04;-4.30208333333333
2010-05-05;-4.17333333333333
2010-05-06;-4.13708333333333
2010-05-07;-4.15
2010-05-08;-4.18541666666667
2010-05-09;-4.23125
2010-05-10;-4.24666666666667
2010-05-11;-3.57666666666667
2010-05-12;-3.22833333333333
2010-05-13;-3.09083333333333
2010-05-14;-3.03458333333333
2010-05-15;-3.0525
2010-05-16;-3.08916666666667
2010-05-17;-3.14125
2010-05-18;-2.84875
2010-05-19;-2.67333333333333
2010-05-20;-2.63375
2010-05-21;-2.65958333333333
2010-05-22;-2.70875
2010-05-23;-2.77416666666667
2010-05-24;-2.83666666666667
2010-05-25;-2.9125
2010-05-26;-2.98291666666667
2010-05-27;-3.04458333333333
2010-05-28;-3.11833333333333
2010-05-29;-3.1825
2010-05-30;-3.24291666666667
2010-05-31;-3.29541666666667
2010-06-01;-3.36541666666667
2010-06-02;-3.42
2010-06-03;-3.49125
2010-06-04;-3.56041666666667
2010-06-05;-3.61291666666667
2010-06-06;-3.5625
2010-06-07;-3.54583333333333
2010-06-08;-3.59083333333333
2010-06-09;-3.6425
2010-06-10;-3.69625
2010-06-11;-3.74125
2010-06-12;-3.78458333333333
2010-06-13;-3.8175
2010-06-14;-3.84291666666667
2010-06-15;-3.85541666666667
2010-06-16;-3.88375
2010-06-17;-3.87083333333333
2010-06-18;-3.85875
2010-06-19;-3.90625
2010-06-20;-3.95791666666667
2010-06-21;-4.00916666666667
2010-06-22;-4.06041666666667
2010-06-23;-4.12083333333333
2010-06-24;-4.15333333333333
2010-06-25;-4.20125
2010-06-26;-4.24916666666667
2010-06-27;-4.31333333333333
2010-06-28;-4.38916666666667
2010-06-29;-4.47291666666667
2010-06-30;-4.56
2010-07-01;-4.63
2010-07-02;-4.71208333333333
2010-07-03;-4.79791666666667
2010-07-04;-4.89958333333333
2010-07-05;-4.99708333333333
2010-07-06;-5.055
2010-07-07;-5.11666666666667
2010-07-08;-4.97416666666667
2010-07-09;-3.45666666666667
2010-07-10;-3.06625
2010-07-11;-3.01125
2010-07-12;-3.03458333333333
2010-07-13;-3.08958333333333
2010-07-14;-3.15
2010-07-15;-3.21125
2010-07-16;-3.25416666666667
2010-07-17;-3.28958333333333
2010-07-18;-3.33416666666667
2010-07-19;-3.37416666666667
2010-07-20;-3.40708333333333
2010-07-21;-3.43416666666667
2010-07-22;-3.4625
2010-07-23;-3.49666666666667
2010-07-24;-3.53875
2010-07-25;-3.57708333333333
2010-07-26;-3.61125
2010-07-27;-3.63173913043478
2010-07-28;-8.24
2010-07-29;-7.98041666666667
2010-07-30;-7.68583333333333
2010-07-31;-7.57666666666667
2010-08-01;-7.52041666666667
2010-08-02;-7.48208333333333
2010-08-03;-7.47
2010-08-04;-7.42416666666667
2010-08-05;-7.28416666666667
2010-08-06;-7.27375
2010-08-07;-7.29083333333333
2010-08-08;-7.28791666666667
2010-08-09;-7.25791666666667
2010-08-10;-7.26
2010-08-11;-7.285
2010-08-12;-7.29708333333333
2010-08-13;-7.32708333333333
2010-08-14;-7.36875
2010-08-15;-7.41291666666667
2010-08-16;-7.46416666666667
2010-08-17;-7.49958333333333
2010-08-18;-7.54166666666667
2010-08-19;-7.60583333333333
2010-08-20;-7.66666666666667
2010-08-21;-7.65916666666667
2010-08-22;-7.37458333333333
2010-08-23;-7.29875
2010-08-24;-7.17166666666667
2010-08-25;-7.14708333333333
2010-08-26;-7.14291666666667
2010-08-27;-7.155
2010-08-28;-7.17708333333333
2010-08-29;-7.04333333333333
2010-08-30;-7.04625
2010-08-31;-7.02333333333333
2010-09-01;-7.05458333333333
2010-09-02;-7.08958333333333
2010-09-03;-7.105
2010-09-04;-7.12416666666667
2010-09-05;-7.15416666666667
2010-09-06;-7.18916666666667
2010-09-07;-3.98541666666667
2010-09-08;-2.06583333333333
2010-09-09;-2.10541666666667
2010-09-10;-2.13666666666667
2010-09-11;-2.175
2010-09-12;-2.16041666666667
2010-09-13;-1.955
2010-09-14;-1.90458333333333
2010-09-15;-1.8975
2010-09-16;-1.87666666666667
2010-09-17;-1.8925
2010-09-18;-1.91
2010-09-19;-1.94625
2010-09-20;-1.98541666666667
2010-09-21;-1.96375
2010-09-22;-1.9575
2010-09-23;-1.95916666666667
2010-09-24;-1.95083333333333
2010-09-25;-1.945
2010-09-26;-1.94583333333333
2010-09-27;-1.95083333333333
2010-09-28;-1.93875
2010-09-29;-1.94708333333333
2010-09-30;-1.95375
2010-10-01;-1.9575
2010-10-02;-1.94583333333333
2010-10-03;-1.94958333333333
2010-10-04;-1.9575
2010-10-05;-1.89894736842105
2010-10-06;-1.645
2010-10-07;-1.64708333333333
2010-10-08;-1.64958333333333
2010-10-09;-1.68416666666667
2010-10-10;-1.69
2010-10-11;-1.67458333333333
2010-10-12;-1.65
2010-10-13;-1.64875
2010-10-14;-1.64666666666667
2010-10-15;-1.64666666666667
2010-10-16;-1.66541666666667
2010-10-17;-1.71416666666667
2010-10-18;-1.71083333333333
2010-10-19;-1.7
2010-10-20;-1.70458333333333
2010-10-21;-1.70916666666667
2010-10-22;-1.69625
2010-10-23;-1.69
2010-10-24;-1.69583333333333
2010-10-25;-1.69375
2010-10-26;-1.69
2010-10-27;-1.69
2010-10-28;-1.69
2010-10-29;-1.69
2010-10-30;-1.69
2010-10-31;-1.69
2010-11-01;-1.69
2010-11-02;-1.68958333333333
2010-11-03;-1.69
2010-11-04;-1.69
2010-11-05;-1.69
2010-11-06;-1.69
2010-11-07;-1.69
2010-11-08;-1.69
2010-11-09;-1.69
2010-11-10;-1.69
2010-11-11;-1.69
2010-11-12;-1.69
2010-11-13;-1.69
2010-11-14;-1.69
2010-11-15;-1.69
2010-11-16;-1.69
2010-11-17;-1.69
2010-11-18;-1.69
2010-11-19;-1.69
2010-11-20;-1.69
2010-11-21;-1.69
2010-11-22;-1.69
2010-11-23;-1.69
2010-11-24;-1.69
2010-11-25;-1.6875
2010-11-26;-1.67666666666667
2010-11-27;-1.65791666666667
2010-11-28;-1.67833333333333
2010-11-29;-1.68
2010-11-30;-1.68
2010-12-01;-1.68
2010-12-02;-1.68
2010-12-03;-1.68
2010-12-04;-1.68
2010-12-05;-1.68
2010-12-06;-1.6795652173913
2010-12-07;NaN
2010-12-08;NaN
2010-12-09;NaN
2010-12-10;NaN
2010-12-11;NaN
2010-12-12;NaN
2010-12-13;NaN
2010-12-14;NaN
2010-12-15;NaN
2010-12-16;NaN
2010-12-17;NaN
2010-12-18;NaN
2010-12-19;NaN
2010-12-20;NaN
2010-12-21;NaN
2010-12-22;NaN
2010-12-23;NaN
2010-12-24;NaN
2010-12-25;NaN
2010-12-26;NaN
2010-12-27;NaN
2010-12-28;NaN
2010-12-29;NaN
2010-12-30;NaN
2010-12-31;NaN
2011-01-01;NaN
2011-01-02;NaN
2011-01-03;NaN
2011-01-04;NaN
2011-01-05;NaN
2011-01-06;NaN
2011-01-07;NaN
2011-01-08;NaN
2011-01-09;NaN
2011-01-10;NaN
2011-01-11;NaN
2011-01-12;NaN
2011-01-13;NaN
2011-01-14;NaN
2011-01-15;NaN
2011-01-16;NaN
2011-01-17;NaN
2011-01-18;NaN
2011-01-19;NaN
2011-01-20;NaN
2011-01-21;NaN
2011-01-22;NaN
2011-01-23;NaN
2011-01-24;NaN
2011-01-25;NaN
2011-01-26;NaN
2011-01-27;NaN
2011-01-28;NaN
2011-01-29;NaN
2011-01-30;NaN
2011-01-31;NaN
2011-02-01;NaN
2011-02-02;NaN
2011-02-03;NaN
2011-02-04;NaN
2011-02-05;NaN
2011-02-06;NaN
2011-02-07;NaN
2011-02-08;NaN
2011-02-09;NaN
2011-02-10;NaN
2011-02-11;NaN
2011-02-12;NaN
2011-02-13;NaN
2011-02-14;NaN
2011-02-15;NaN
2011-02-16;NaN
2011-02-17;NaN
2011-02-18;NaN
2011-02-19;NaN
2011-02-20;-5.84
2011-02-21;-5.85541666666667
2011-02-22;-5.88770833333333
2011-02-23;-5.915
2011-02-24;-5.935625
2011-02-25;-5.94791666666667
2011-02-26;-5.97291666666667
2011-02-27;-6.004375
2011-02-28;-6.03
2011-03-01;-6.05875
2011-03-02;-6.08770833333333
2011-03-03;-6.120625
2011-03-04;-6.14875
2011-03-05;-6.18020833333333
2011-03-06;-6.21479166666667
2011-03-07;-6.24604166666667
2011-03-08;-6.26770833333333
2011-03-09;-6.29395833333333
2011-03-10;-6.316875
2011-03-11;-6.33770833333333
2011-03-12;-6.36083333333333
2011-03-13;-6.39354166666667
2011-03-14;-6.41729166666667
2011-03-15;-6.44208333333333
2011-03-16;-6.46479166666667
2011-03-17;-6.50020833333333
2011-03-18;-6.52604166666667
2011-03-19;-6.54979166666667
2011-03-20;-6.578125
2011-03-21;-6.60895833333333
2011-03-22;-6.631875
2011-03-23;-6.65125
2011-03-24;-6.67604166666667
2011-03-25;-6.69
2011-03-26;-6.71291666666667
2011-03-27;-6.72740740740741
2011-03-28;-6.74875
2011-03-29;-6.77291666666667
2011-03-30;-6.793125
2011-03-31;-6.81458333333333
2011-04-01;-6.835
2011-04-02;-6.85604166666667
2011-04-03;-6.87083333333333
2011-04-04;-6.87416666666667
2011-04-05;-6.88416666666667
2011-04-06;-6.89270833333333
2011-04-07;-6.90479166666667
2011-04-08;-6.91833333333333
2011-04-09;-6.93375
2011-04-10;-6.950625
2011-04-11;-6.96395833333333
2011-04-12;-6.981875
2011-04-13;-6.99916666666667
2011-04-14;-7.01666666666667
2011-04-15;-7.02979166666667
2011-04-16;-7.04666666666667
2011-04-17;-7.06520833333333
2011-04-18;-7.07625
2011-04-19;-7.09020833333333
2011-04-20;-7.1025
2011-04-21;-7.11791666666667
2011-04-22;-7.11208333333333
2011-04-23;-7.049375
2011-04-24;-6.538125
2011-04-25;-5.82104166666667
2011-04-26;-5.71125
2011-04-27;-5.73041666666667
2011-04-28;-5.78708333333333
2011-04-29;-5.82208333333333
2011-04-30;-5.85208333333333
2011-05-01;-5.8875
2011-05-02;-5.92166666666667
2011-05-03;-5.95666666666667
2011-05-04;-5.99583333333333
2011-05-05;-6.03291666666667
2011-05-06;-6.08083333333333
2011-05-07;-6.12625
2011-05-08;-6.16333333333333
2011-05-09;-6.21083333333333
2011-05-10;-6.25333333333333
2011-05-11;-6.29625
2011-05-12;-6.33625
2011-05-13;-6.37125
2011-05-14;-6.40416666666667
2011-05-15;-6.42583333333333
2011-05-16;-6.4375
2011-05-17;-6.45625
2011-05-18;-6.47125
2011-05-19;-6.485
2011-05-20;-6.48333333333333
2011-05-21;-6.47875
2011-05-22;-6.48375
2011-05-23;-6.49125
2011-05-24;-6.49541666666667
2011-05-25;-6.49583333333333
2011-05-26;-6.50291666666667
2011-05-27;-6.51666666666667
2011-05-28;-6.52166666666667
2011-05-29;-6.52458333333333
2011-05-30;-6.52458333333333
2011-05-31;-6.53083333333333
2011-06-01;-6.5425
2011-06-02;-6.54125
2011-06-03;-6.47791666666667
2011-06-04;-6.39
2011-06-05;-6.35416666666667
2011-06-06;-6.33375
2011-06-07;-6.31583333333333
2011-06-08;-6.30166666666667
2011-06-09;-6.29
2011-06-10;-6.28208333333333
2011-06-11;-6.27458333333333
2011-06-12;-6.27416666666667
2011-06-13;-6.2675
2011-06-14;-6.255
2011-06-15;-6.24083333333333
2011-06-16;-6.22541666666667
2011-06-17;-6.17291666666667
2011-06-18;-5.42083333333333
2011-06-19;-4.17833333333333
2011-06-20;-3.81375
2011-06-21;-3.69416666666667
2011-06-22;-3.67291666666667
2011-06-23;-3.69041666666667
2011-06-24;-3.72583333333333
2011-06-25;-3.75666666666667
2011-06-26;-3.79416666666667
2011-06-27;-3.82083333333333
2011-06-28;-3.83583333333333
2011-06-29;-3.86166666666667
2011-06-30;-3.89125
2011-07-01;-3.92208333333333
2011-07-02;-3.9525
2011-07-03;-3.98333333333333
2011-07-04;-4.00625
2011-07-05;-4.02541666666667
2011-07-06;-4.06583333333333
2011-07-07;-4.1
2011-07-08;-4.14333333333333
2011-07-09;-4.17541666666667
2011-07-10;-4.2225
2011-07-11;-4.2475
2011-07-12;-4.2775
2011-07-13;-4.32666666666667
2011-07-14;-4.37375
2011-07-15;-4.41166666666667
2011-07-16;-4.43041666666667
2011-07-17;-4.42708333333333
2011-07-18;-3.68916666666667
2011-07-19;-3.02708333333333
2011-07-20;-2.73875
2011-07-21;-2.64
2011-07-22;-2.6075
2011-07-23;-2.60541666666667
2011-07-24;-2.5975
2011-07-25;-2.36958333333333
2011-07-26;-2.29333333333333
2011-07-27;-2.26625
2011-07-28;-2.25666666666667
2011-07-29;-2.21125
2011-07-30;-2.08
2011-07-31;-2.06458333333333
2011-08-01;-2.07958333333333
2011-08-02;-2.08291666666667
2011-08-03;-2.04166666666667
2011-08-04;-1.97125
2011-08-05;-1.90708333333333
2011-08-06;-1.87041666666667
2011-08-07;-1.88416666666667
2011-08-08;-1.895
2011-08-09;-1.90083333333333
2011-08-10;-1.87208333333333
2011-08-11;-1.88333333333333
2011-08-12;-1.86666666666667
2011-08-13;-1.82041666666667
2011-08-14;-1.84833333333333
2011-08-15;-1.87791666666667
2011-08-16;-1.89666666666667
2011-08-17;-1.85
2011-08-18;-1.67458333333333
2011-08-19;-1.73166666666667
2011-08-20;-1.765
2011-08-21;-1.71291666666667
2011-08-22;-1.74125
2011-08-23;-1.77208333333333
2011-08-24;-1.79625
2011-08-25;-1.82541666666667
2011-08-26;-1.8525
2011-08-27;-1.87
2011-08-28;-1.89166666666667
2011-08-29;-1.90875
2011-08-30;-1.91625
2011-08-31;-1.82041666666667
2011-09-01;-1.63291666666667
2011-09-02;-1.57166666666667
2011-09-03;-1.59416666666667
2011-09-04;-1.62666666666667
2011-09-05;-1.66125
2011-09-06;-1.7025
2011-09-07;-1.73458333333333
2011-09-08;-1.755
2011-09-09;-1.77666666666667
2011-09-10;-1.80333333333333
2011-09-11;-1.83208333333333
2011-09-12;-1.86375
2011-09-13;-1.89333333333333
2011-09-14;-1.92041666666667
2011-09-15;-1.94208333333333
2011-09-16;-1.97166666666667
2011-09-17;-2.0125
2011-09-18;-2.05458333333333
2011-09-19;-2.09
2011-09-20;-2.12375
2011-09-21;-2.16125
2011-09-22;-2.2025
2011-09-23;-2.24625
2011-09-24;-2.29791666666667
2011-09-25;-2.34958333333333
2011-09-26;-2.4
2011-09-27;-2.45041666666667
2011-09-28;-2.51166666666667
2011-09-29;-2.56791666666667
2011-09-30;-2.55375
2011-10-01;-2.13458333333333
2011-10-02;-2.02208333333333
2011-10-03;-2.00625
2011-10-04;-2.03166666666667
2011-10-05;-2.07666666666667
2011-10-06;-2.135
2011-10-07;-2.19458333333333
2011-10-08;-2.2625
2011-10-09;-2.30791666666667
2011-10-10;-2.245
2011-10-11;-1.95541666666667
2011-10-12;-1.8925
2011-10-13;-1.88541666666667
2011-10-14;-1.83833333333333
2011-10-15;-1.715
2011-10-16;-1.71458333333333
2011-10-17;-1.71083333333333
2011-10-18;-1.66791666666667
2011-10-19;-1.69708333333333
2011-10-20;-1.71958333333333
2011-10-21;-1.74125
2011-10-22;-1.77541666666667
2011-10-23;-1.8075
2011-10-24;-1.69291666666667
2011-10-25;-1.615
2011-10-26;-1.67125
2011-10-27;-1.70625
2011-10-28;-1.7425
2011-10-29;-1.77166666666667
2011-10-30;-1.79434782608696
2011-10-31;-1.82041666666667
2011-11-01;-1.84541666666667
2011-11-02;-1.82458333333333
2011-11-03;-1.68291666666667
2011-11-04;-1.6175
2011-11-05;-1.60541666666667
2011-11-06;-1.64083333333333
2011-11-07;-1.67083333333333
2011-11-08;-1.71291666666667
2011-11-09;-1.74625
2011-11-10;-1.7825
2011-11-11;-1.81583333333333
2011-11-12;-1.84666666666667
2011-11-13;-1.88208333333333
2011-11-14;-1.9225
2011-11-15;-1.97625
2011-11-16;-2.03041666666667
2011-11-17;-2.08583333333333
2011-11-18;-2.13833333333333
2011-11-19;-2.19208333333333
2011-11-20;-2.25416666666667
2011-11-21;-2.31208333333333
2011-11-22;-2.36541666666667
2011-11-23;-2.42
2011-11-24;-2.47625
2011-11-25;-2.51041666666667
2011-11-26;-2.53708333333333
2011-11-27;-2.57666666666667
2011-11-28;-2.61083333333333
2011-11-29;-2.62454545454545
2011-11-30;
2011-12-01;
2011-12-02;
2011-12-03;
2011-12-04;
2011-12-05;
2011-12-06;
2011-12-07;
2011-12-08;
2011-12-09;
2011-12-10;
2011-12-11;
2011-12-12;
2011-12-13;
2011-12-14;
2011-12-15;
2011-12-16;
2011-12-17;
2011-12-18;
2011-12-19;
2011-12-20;
2011-12-21;
2011-12-22;
2011-12-23;
2011-12-24;
2011-12-25;
2011-12-26;
2011-12-27;
2011-12-28;
2011-12-29;
2011-12-30;
2011-12-31;
